UUIDFactura,EsManual,Nombre_Receptor,RFC_Receptor,Nombre_Emisor,RFC_Emisor,Concepto,FechaEmision,Monto,MontoPagado,MontoAPagar,MetodoPago,Vigencia,DivisaFactura,DivisaMovimiento,EstadoFactura,IdTransaccion,MontoTransaccion,FechaTransaccion,TransaccionConcepto,BancoEmisor,CuentaEmisora,BancoReceptor,CuentaReceptora,MontoAbonado,ClaveRastreo,Observaciones
FFEF058FDC614B61A18DAB18EF956A93,NO,C**** S****S****,CSS010101**0,P****,PAD010101**3,,31/07/23,2411.65,0,2411.65,PUE,No definido,MXN,NA,VENCIDA,NA,0,NA,NA,NA,NA,NA,NA,0,NA,NINGUNA
FFBC060E17B34BD0AAF8C76391129246,NO,C**** S****S****,CSS010101**0,E**** B****T****,EBT010101**6,,16/02/23,64297.84,64297.84,0,PUE,No definido,MXN,MXN,PAGADA,9c9951f53d93fe8afaaea7288c69ec34,64297.84,16/02/23,1****,INBURSA,0361****0956,NA,****,64297.84,036I****8791,VINCULACIÓN CONFIRMADA
FEBB10B6B67A4720B41030DCFF7CD005,NO,C**** S****S****,CSS010101**0,H**** D****P****,HDS010101**9,,14/09/23,62355.8,0,62355.8,PPD,No definido,MXN,NA,PENDIENTE,NA,0,NA,NA,NA,NA,NA,NA,0,NA,NINGUNA
FDD4253F5278460A8C7BF45AB41F1BBD,NO,D**** M****L****,MAL010101**4,C**** S****S****,CSS010101**0,,16/10/23,3947.84,0,3947.84,PUE,31/10/23,MXN,NA,VENCIDA,NA,0,NA,NA,NA,NA,NA,NA,0,NA,NINGUNA
FD4950E704BC4FFDB93BCCA48368C5FE,NO,C**** S****S****,CSS010101**0,I**** M****D****,IMS010101**5,,27/05/23,18006.29,0,18006.29,PUE,No definido,MXN,NA,VENCIDA,NA,0,NA,NA,NA,NA,NA,NA,0,NA,NINGUNA
FC98101020BC4F12A4DCD3A47331F6B6,NO,C**** S****S****,CSS010101**0,T**** H****A****,THV010101**6,,31/10/23,160404.86,0,160404.86,PPD,No definido,MXN,NA,PENDIENTE,NA,0,NA,NA,NA,NA,NA,NA,0,NA,NINGUNA
FC76B25DA63141DC97249A742B24C19A,NO,C**** S****S****,CSS010101**0,S**** G****A****,SGD010101**1,,14/07/23,39926.24,0,39926.24,PUE,No definido,MXN,NA,VENCIDA,NA,0,NA,NA,NA,NA,NA,NA,0,NA,NINGUNA
FC5D3BE03A424143ACC54CD698A341CD,NO,R**** M****T****,MOT010101**1,C**** S****S****,CSS010101**0,,01/02/23,5416.36,0,5416.36,PUE,No definido,MXN,NA,VENCIDA,NA,0,NA,NA,NA,NA,NA,NA,0,NA,NINGUNA
FC299D28AF534770B592AA10D8B25E6B,NO,C**** S****S****,CSS010101**0,G****,GLO010101**1,,06/09/23,33621.71,33621.71,0,PPD,No definido,MXN,MXN,PAGADA,b3269b091233cb433af9fae95eb820ba,33621.71,25/10/23,G****,INBURSA,0361****0956,BBVA,0121****0148,33621.71,036I****4700,VINCULACION NO CONFIRMADA
FB179ADA56504C4AB3B2E93FD6038B12,NO,S**** B****F****,SBF010101**0,S****,STE010101**8,,03/04/23,5800,0,5800,PPD,No definido,MXN,NA,PENDIENTE,NA,0,NA,NA,NA,NA,NA,NA,0,NA,NINGUNA
FAD67B7E769943D28550BC162F340260,NO,C**** S****S****,CSS010101**0,H**** D****P****,HDS010101**9,,14/09/23,114939.19,0,114939.19,PPD,No definido,MXN,NA,PENDIENTE,NA,0,NA,NA,NA,NA,NA,NA,0,NA,NINGUNA
FA5E3DFDA7AA4DE48D41D12F667D937E,NO,C**** S****S****,CSS010101**0,S**** I****S****,SIN010101**7,,12/09/23,7840.44,7840.44,0,PPD,No definido,MXN,MXN,PAGADA,c23923c7e6ab7206dcaf4f98ee32faae,7840.44,28/09/23,NA,INBURSA,0361****0956,INBURSA,NA,7840.44,NA,VINCULACION NO CONFIRMADA
FA2F89560D2D46D4A049F95F96CFE6FF,NO,C**** S****S****,CSS010101**0,H**** D****P****,HDS010101**9,,31/10/23,115706.98,0,115706.98,PPD,No definido,MXN,NA,PENDIENTE,NA,0,NA,NA,NA,NA,NA,NA,0,NA,NINGUNA
F9CA0EF38B0546B2BBFBFEF70DE7BE75,NO,C**** S****S****,CSS010101**0,B**** N****D****,BNM010101**1,,04/09/23,0,0,0,PUE,No definido,MXN,NA,VENCIDA,NA,0,NA,NA,NA,NA,NA,NA,0,NA,NINGUNA
F9090EFFB65E4FA89DD833EE637B3006,NO,A**** I****E****,EOR010101**1,C**** S****S****,CSS010101**0,,08/08/23,3111.6,0,3111.6,PUE,No definido,MXN,NA,VENCIDA,NA,0,NA,NA,NA,NA,NA,NA,0,NA,NINGUNA
F8C9A4C4E6AC411E92B531CED84BE513,NO,C**** S****S****,CSS010101**0,I**** M****D****,IMS010101**5,,20/10/23,8815.82,8815.82,0,PUE,No definido,MXN,MXN,PAGADA,b819f2b2f738694c8c107012a89d2efe,8815.82,13/10/23,NA,INBURSA,0361****0956,INBURSA,NA,8815.82,NA,VINCULACION NO CONFIRMADA
F7AFEE699FBE4D599CB2770AE263619B,NO,J**** J****A****,AEB010101**7,C**** S****S****,CSS010101**0,,06/11/23,5134.04,0,5134.04,PUE,30/11/23,MXN,NA,PENDIENTE,NA,0,NA,NA,NA,NA,NA,NA,0,NA,NINGUNA
F5F8195996644E9D985D76665DB79C2F,NO,C**** S****S****,CSS010101**0,I**** M****D****,IMS010101**5,,21/09/23,18929.3,0,18929.3,PUE,No definido,MXN,NA,VENCIDA,NA,0,NA,NA,NA,NA,NA,NA,0,NA,NINGUNA
F5ACCCCF0478402CA5C519D1B5456278,NO,S**** B****F****,SBF010101**0,S**** D****T****,STP010101**6,,31/01/23,4165.21,0,4165.21,PUE,No definido,MXN,NA,VENCIDA,NA,0,NA,NA,NA,NA,NA,NA,0,NA,NINGUNA
F571F3118FF2428D9E3C83ACB714B478,NO,V**** H****M****,MOM010101**4,C**** S****S****,CSS010101**0,,31/08/23,3111.6,0,3111.6,PUE,No definido,MXN,NA,VENCIDA,NA,0,NA,NA,NA,NA,NA,NA,0,NA,NINGUNA
F4BB3C24997A4A309F7E9E09D7902B3F,NO,C**** S****S****,CSS010101**0,I**** M****D****,IMS010101**5,,22/01/23,17138.38,0,17138.38,PUE,No definido,MXN,NA,VENCIDA,NA,0,NA,NA,NA,NA,NA,NA,0,NA,NINGUNA
F4A0496C56E248E3998C8D5CDB91712A,NO,S**** B****F****,SBF010101**0,S**** D****T****,STP010101**6,,01/09/23,3970.68,3970.68,0,PPD,No definido,MXN,MXN,PAGADA,00de2b5b317ea4800e3556f82b440ce1,3970.68,05/09/23, **** T****d****,BANREGIO,0581****7792, STP, 646****3952,3970.68, 058****B273,VINCULACION NO CONFIRMADA
F46B3D002467458D9F93895EABF1AD80,NO,C**** S****S****,CSS010101**0,S**** G****A****,SGD010101**1,,15/08/23,39926.24,0,39926.24,PUE,No definido,MXN,NA,VENCIDA,NA,0,NA,NA,NA,NA,NA,NA,0,NA,NINGUNA
F1C492FA7DD7493EAFE89E16ABE06766,NO,R**** M****T****,MOT010101**1,C**** S****S****,CSS010101**0,,03/05/23,5428.47,0,5428.47,PUE,No definido,MXN,NA,VENCIDA,NA,0,NA,NA,NA,NA,NA,NA,0,NA,NINGUNA
F18497A5987D48F69D5644D3E19AD111,NO,C**** S****S****,CSS010101**0,C**** G****M****,CGM010101**8,,31/08/23,17586.91,0,17586.91,PUE,No definido,MXN,NA,VENCIDA,NA,0,NA,NA,NA,NA,NA,NA,0,NA,NINGUNA
F13B351BCB6B4A7B9FE30987B8122BDB,NO,J**** A****R****,ROZ010101**2,C**** S****S****,CSS010101**0,,30/06/23,5631.21,0,5631.21,PUE,No definido,MXN,NA,VENCIDA,NA,0,NA,NA,NA,NA,NA,NA,0,NA,NINGUNA
F0DAB65E127D43AB81C9562A99800347,NO,M**** L****M****,MOR010101**7,C**** S****S****,CSS010101**0,,16/10/23,3111.6,0,3111.6,PUE,31/10/23,MXN,NA,VENCIDA,NA,0,NA,NA,NA,NA,NA,NA,0,NA,NINGUNA
F0A6FFF645A03B40881D7A8EE0545087,NO,C**** S****S****,CSS010101**0,G****,GLO010101**1,,15/05/23,39528.16,0,39528.16,PPD,No definido,MXN,NA,PENDIENTE,NA,0,NA,NA,NA,NA,NA,NA,0,NA,NINGUNA
F0A23F0442A14575BB638C22498DB147,NO,C**** S****S****,CSS010101**0,C**** C****O****,CCO010101**5,,03/11/23,66816,0,66816,PUE,30/11/23,MXN,NA,PENDIENTE,NA,0,NA,NA,NA,NA,NA,NA,0,NA,NINGUNA
F01F275E816944B6ADD17C7A051FD79C,NO,S**** B****F****,SBF010101**0,S****,STE010101**8,,02/11/23,11600,0,11600,PPD,No definido,MXN,NA,PENDIENTE,NA,0,NA,NA,NA,NA,NA,NA,0,NA,NINGUNA
F00EA1A6E905556B85C42F9BF4F9281F,NO,S**** B****F****,SBF010101**0,S**** F****E****,SFO010101**2,,29/08/23,1506.84,0,1506.84,PUE,No definido,MXN,NA,VENCIDA,NA,0,NA,NA,NA,NA,NA,NA,0,NA,NINGUNA
EFACDF8EBC764E0E88B9CC29A6C24F77,NO,D**** M****L****,MAL010101**4,C**** S****S****,CSS010101**0,,16/08/23,3947.84,0,3947.84,PUE,No definido,MXN,NA,VENCIDA,NA,0,NA,NA,NA,NA,NA,NA,0,NA,NINGUNA
EEB886969D7B4470BB0EEF267F552C08,NO,R**** M****T****,MOT010101**1,C**** S****S****,CSS010101**0,,16/08/23,5427.53,0,5427.53,PUE,No definido,MXN,NA,VENCIDA,NA,0,NA,NA,NA,NA,NA,NA,0,NA,NINGUNA
EE68D75527C243E6BF246D6489EEBF51,NO,C**** S****S****,CSS010101**0,C**** G****M****,CGM010101**8,,05/10/23,15688.77,0,15688.77,PUE,31/10/23,MXN,NA,VENCIDA,NA,0,NA,NA,NA,NA,NA,NA,0,NA,NINGUNA
EDC3F62218134C288B3694C7D04E0610,NO,C**** S****S****,CSS010101**0,T**** H****A****,THV010101**6,,14/03/23,62112.78,0,62112.78,PPD,No definido,MXN,NA,PENDIENTE,NA,0,NA,NA,NA,NA,NA,NA,0,NA,NINGUNA
ED66A7DFEAF74581B46BBA2D87F36248,NO,C**** S****S****,CSS010101**0,I****,IUS010101**8,,15/02/23,1740,1740,0,PUE,No definido,MXN,MXN,PAGADA,5d966f4aadad61352db8c58cd5e7aba1,1740,16/02/23,7****,INBURSA,0361****0956,NA,****,1740,036I****8373,VINCULACIÓN CONFIRMADA
ED64626CBB7948BFAE1EA4139D936413,NO,M**** L****M****,MOR010101**7,C**** S****S****,CSS010101**0,,21/02/23,2883.69,0,2883.69,PUE,No definido,MXN,NA,VENCIDA,NA,0,NA,NA,NA,NA,NA,NA,0,NA,NINGUNA
ED53877D990B4F17976FC4045EE950D2,NO,J**** A****R****,ROZ010101**2,C**** S****S****,CSS010101**0,,16/02/23,5631.21,0,5631.21,PUE,No definido,MXN,NA,VENCIDA,NA,0,NA,NA,NA,NA,NA,NA,0,NA,NINGUNA
EC5070666F0642D4B7972D4FC5A3CB8E,NO,C**** S****S****,CSS010101**0,O**** C****C****,OCC010101**7,,24/01/23,4986.84,4986.84,0,PUE,No definido,MXN,MXN,PAGADA,13ae6250b3a487b15e4b7f8c21e8d5be,4986.84,25/01/23,r****,INBURSA,0361****0956,NA,****,4986.84,036I****9371,VINCULACIÓN CONFIRMADA
EC4E80FA931443079DA08C115854D077,NO,J**** J****A****,AEB010101**7,C**** S****S****,CSS010101**0,,02/10/23,5144.06,0,5144.06,PUE,31/10/23,MXN,NA,VENCIDA,NA,0,NA,NA,NA,NA,NA,NA,0,NA,NINGUNA
EBF4F9ABF9CB4B13A5BFA672ACC484EB,NO,D**** M****L****,MAL010101**4,C**** S****S****,CSS010101**0,,31/05/23,3941.14,0,3941.14,PUE,No definido,MXN,NA,VENCIDA,NA,0,NA,NA,NA,NA,NA,NA,0,NA,NINGUNA
EBC772380F284758A5B57D124158ED38,NO,C**** S****S****,CSS010101**0,D**** E****M****,DEM010101**9,,01/02/23,515.77,0,0,PUE,No definido,MXN,MXN,PAGADA,6002a57ef0a2bc3f8687b356e38c7c25,3000,13/02/23,c****,INBURSA,0361****0956,NA,****,515.77,036I****0755,VINCULACIÓN CONFIRMADA
EB5FC81F74494DEAB6BE81026C4D5E7A,NO,C**** S****S****,CSS010101**0,B**** A****S****,BAI010101**8,,03/07/23,0,0,0,PUE,No definido,MXN,NA,VENCIDA,NA,0,NA,NA,NA,NA,NA,NA,0,NA,NINGUNA
EB0A0EB1C71543139B6A3CC0A6B788F7,NO,D**** M****L****,MAL010101**4,C**** S****S****,CSS010101**0,,02/10/23,3947.84,0,3947.84,PUE,31/10/23,MXN,NA,VENCIDA,NA,0,NA,NA,NA,NA,NA,NA,0,NA,NINGUNA
EAD77FBF2E3453E7A5F66A8DF41B123C,NO,C**** S****S****,CSS010101**0,I****,IZA010101**2,,02/11/23,3306,0,3306,PUE,30/11/23,MXN,NA,PENDIENTE,NA,0,NA,NA,NA,NA,NA,NA,0,NA,NINGUNA
EABF385D1C4643469BF550E7C81D1DFE,NO,J**** J****A****,AEB010101**7,C**** S****S****,CSS010101**0,,16/06/23,5144.06,0,5144.06,PUE,No definido,MXN,NA,VENCIDA,NA,0,NA,NA,NA,NA,NA,NA,0,NA,NINGUNA
EA1B87F1328A4A5AA7AAEF6D294C9620,NO,C**** S****S****,CSS010101**0,S**** G****A****,SGD010101**1,,14/09/23,39926.24,0,39926.24,PPD,No definido,MXN,NA,PENDIENTE,NA,0,NA,NA,NA,NA,NA,NA,0,NA,NINGUNA
E9FAFA5BB3544C958DA699D4892BF5AF,NO,J**** J****A****,AEB010101**7,C**** S****S****,CSS010101**0,,16/03/23,5144.72,0,5144.72,PUE,No definido,MXN,NA,VENCIDA,NA,0,NA,NA,NA,NA,NA,NA,0,NA,NINGUNA
E9883CB44D9F4747B388721881556085,NO,R**** M****T****,MOT010101**1,C**** S****S****,CSS010101**0,,15/07/23,5427.53,0,5427.53,PUE,No definido,MXN,NA,VENCIDA,NA,0,NA,NA,NA,NA,NA,NA,0,NA,NINGUNA
E85CE04673304BAC907ED13DBDDE4EC6,NO,C**** S****S****,CSS010101**0,S**** G****A****,SGD010101**1,,29/06/23,6177,0,6177,PUE,No definido,MXN,NA,VENCIDA,NA,0,NA,NA,NA,NA,NA,NA,0,NA,NINGUNA
E849CE299FBD5CF59E328F947672B1DE,NO,S**** B****F****,SBF010101**0,S**** F****E****,SFO010101**2,,12/05/23,1506.84,0,1506.84,PUE,No definido,MXN,NA,VENCIDA,NA,0,NA,NA,NA,NA,NA,NA,0,NA,NINGUNA
E7AAC2B4436841EEB41C701F142858C1,NO,C**** S****S****,CSS010101**0,T**** H****A****,THV010101**6,,31/07/23,148659.28,0,148659.28,PUE,No definido,MXN,NA,VENCIDA,NA,0,NA,NA,NA,NA,NA,NA,0,NA,NINGUNA
E784078122CB4385AB70979333C36315,NO,C**** S****S****,CSS010101**0,H**** A****Y****,HAA010101**1,,13/03/23,11241.4,0,11241.4,PPD,No definido,MXN,NA,VENCIDA,NA,0,NA,NA,NA,NA,NA,NA,0,NA,NINGUNA
E77374CD3EBB438BAF8AE8DDEBB0529C,NO,J**** J****A****,AEB010101**7,C**** S****S****,CSS010101**0,,16/01/23,5143.37,0,5143.37,PUE,No definido,MXN,NA,VENCIDA,NA,0,NA,NA,NA,NA,NA,NA,0,NA,NINGUNA
E759B481FBFC4B508201426186426B19,NO,M**** L****M****,MOR010101**7,C**** S****S****,CSS010101**0,,31/08/23,3111.6,0,3111.6,PUE,No definido,MXN,NA,VENCIDA,NA,0,NA,NA,NA,NA,NA,NA,0,NA,NINGUNA
E731413B3363406BB58604702DBA7C10,NO,C**** S****S****,CSS010101**0,T**** T****S****,TTS010101**9,,30/08/23,107184,0,107184,PUE,No definido,MXN,NA,VENCIDA,NA,0,NA,NA,NA,NA,NA,NA,0,NA,NINGUNA
E6DC2327E0D441D1B7E4015D251CB93C,NO,C**** S****S****,CSS010101**0,T**** H****A****,THV010101**6,,14/07/23,226850.25,0,226850.25,PUE,No definido,MXN,NA,VENCIDA,NA,0,NA,NA,NA,NA,NA,NA,0,NA,NINGUNA
E62A39549F7D48DC98A89E7183AAB978,NO,C**** S****S****,CSS010101**0,T**** H****A****,THV010101**6,,15/06/23,250087.18,0,250087.18,PUE,No definido,MXN,NA,VENCIDA,NA,0,NA,NA,NA,NA,NA,NA,0,NA,NINGUNA
E5C449677A7A4014B4A7AEBBD675E1A6,NO,C**** S****S****,CSS010101**0,J**** A****A****,AUV010101**4,,05/05/23,5224,0,5224,PUE,No definido,MXN,NA,CANCELADA,NA,0,NA,NA,NA,NA,NA,NA,0,NA,NINGUNA
E4B31BFF600D4344878A6BDC8570B4E6,NO,D**** M****L****,MAL010101**4,C**** S****S****,CSS010101**0,,17/02/23,3813.32,0,3813.32,PUE,No definido,MXN,NA,VENCIDA,NA,0,NA,NA,NA,NA,NA,NA,0,NA,NINGUNA
E21FD0EB745E47CAB4EF513BBFD45401,NO,C**** S****S****,CSS010101**0,H**** D****P****,HDS010101**9,,29/09/23,62355.8,0,62355.8,PUE,No definido,MXN,NA,VENCIDA,NA,0,NA,NA,NA,NA,NA,NA,0,NA,NINGUNA
E1BE27D102284A588144E1CB30CCA3DB,NO,C**** S****S****,CSS010101**0,P****,PAD010101**3,,31/10/23,2411.65,0,2411.65,PPD,No definido,MXN,NA,PENDIENTE,NA,0,NA,NA,NA,NA,NA,NA,0,NA,NINGUNA
E138A0977AF44E5A968E8760729BA9D5,NO,C**** S****S****,CSS010101**0,T**** H****A****,THV010101**6,,15/05/23,36488.01,0,36488.01,PUE,No definido,MXN,NA,VENCIDA,NA,0,NA,NA,NA,NA,NA,NA,0,NA,NINGUNA
E0672D8273124BD9A6F6C1478A07C271,NO,C**** S****S****,CSS010101**0,I**** M****D****,IMS010101**5,,22/03/23,17678.48,0,17678.48,PUE,No definido,MXN,NA,VENCIDA,NA,0,NA,NA,NA,NA,NA,NA,0,NA,NINGUNA
DFFA8FBA368C49A2BE8E4402E3653D0D,NO,C**** S****S****,CSS010101**0,S**** G****A****,SGD010101**1,,29/09/23,39926.24,0,39926.24,PUE,No definido,MXN,NA,VENCIDA,NA,0,NA,NA,NA,NA,NA,NA,0,NA,NINGUNA
DF45A1B8D4524B00AE7DC3B7E81C0A0E,NO,C**** S****S****,CSS010101**0,H**** D****P****,HDS010101**9,,29/06/23,62344.79,0,62344.79,PUE,No definido,MXN,NA,VENCIDA,NA,0,NA,NA,NA,NA,NA,NA,0,NA,NINGUNA
DEEC5E7A29B040A68D1F24FD571CA93C,NO,C**** S****S****,CSS010101**0,F**** A****M****,AUM010101**0,,13/10/23,26020.83,0,26020.83,PUE,31/10/23,MXN,NA,VENCIDA,NA,0,NA,NA,NA,NA,NA,NA,0,NA,NINGUNA
DE19A19B818B4C838207F667BBD00BD9,NO,D**** M****L****,MAL010101**4,C**** S****S****,CSS010101**0,,08/08/23,3940.53,0,3940.53,PUE,No definido,MXN,NA,VENCIDA,NA,0,NA,NA,NA,NA,NA,NA,0,NA,NINGUNA
DD99E986B34541D885DD64383BF70A12,NO,M**** L****M****,MOR010101**7,C**** S****S****,CSS010101**0,,28/02/23,3111.6,0,3111.6,PUE,No definido,MXN,NA,VENCIDA,NA,0,NA,NA,NA,NA,NA,NA,0,NA,NINGUNA
DD5651A384F9409694AFB3FD41FF5E22,NO,C**** S****S****,CSS010101**0,I****,IZA010101**2,,01/04/23,2201.1,0,2201.1,PPD,No definido,MXN,NA,PENDIENTE,NA,0,NA,NA,NA,NA,NA,NA,0,NA,NINGUNA
DD475FFEBE3A4707873EE0458083996B,NO,S**** B****F****,SBF010101**0,B**** M****S****,BBA010101**2,,01/03/23,0,0,0,PUE,No definido,MXN,NA,VENCIDA,NA,0,NA,NA,NA,NA,NA,NA,0,NA,NINGUNA
DC781A4BBFBC4B638758BF2D42CBE63B,NO,C**** S****S****,CSS010101**0,C**** I****G****,GUF010101**1,,29/03/23,4950,0,4950,PUE,No definido,MXN,NA,VENCIDA,NA,0,NA,NA,NA,NA,NA,NA,0,NA,NINGUNA
DB508606D19148FE8B2ECCD25408FA3A,NO,C**** S****S****,CSS010101**0,G****,GLO010101**1,,13/10/23,33621.82,0,33621.82,PPD,No definido,MXN,NA,PENDIENTE,NA,0,NA,NA,NA,NA,NA,NA,0,NA,NINGUNA
D8FB67D96ED749F088918E93475B809C,NO,C**** S****S****,CSS010101**0,C**** G****M****,CGM010101**8,,13/10/23,36855.08,36855.08,0,PUE,No definido,MXN,MXN,PAGADA,f2a6c5370480079ad17dc50049ff6921,36855.08,05/10/23,.****,INBURSA,0361****0956,BBVA,0121****7490,36855.08,036I****5931,VINCULACION NO CONFIRMADA
D73C35F387B94BD498248F89C3073B97,NO,C**** S****S****,CSS010101**0,S**** G****A****,SGD010101**1,,15/05/23,39934.29,0,39934.29,PPD,No definido,MXN,NA,PENDIENTE,NA,0,NA,NA,NA,NA,NA,NA,0,NA,NINGUNA
D62ABBD8301B49E2B5409EDD9E887DF6,NO,J**** A****R****,ROZ010101**2,C**** S****S****,CSS010101**0,,17/02/23,5077.18,0,5077.18,PUE,No definido,MXN,NA,VENCIDA,NA,0,NA,NA,NA,NA,NA,NA,0,NA,NINGUNA
D5C461AB5D5443B289F980BF746956BB,NO,C**** S****S****,CSS010101**0,D**** E****M****,DEM010101**9,,07/11/23,751.55,0,751.55,PUE,30/11/23,MXN,NA,PENDIENTE,NA,0,NA,NA,NA,NA,NA,NA,0,NA,NINGUNA
D577A7CA172B42A494BE932AD87779B5,NO,C**** S****S****,CSS010101**0,S**** G****A****,SGD010101**1,,17/07/23,1853.1,0,1853.1,PUE,No definido,MXN,NA,VENCIDA,NA,0,NA,NA,NA,NA,NA,NA,0,NA,NINGUNA
D5412B6FB77449EDB6D5CF946F8276EE,NO,C**** S****S****,CSS010101**0,S**** G****A****,SGD010101**1,,15/03/23,6177,0,6177,PUE,No definido,MXN,NA,VENCIDA,NA,0,NA,NA,NA,NA,NA,NA,0,NA,NINGUNA
D495F294D6DE4D268CA54A2F2BE6C86C,NO,C**** S****S****,CSS010101**0,"""**** D****G****",AGE010101**5,,25/08/23,1833.68,0,1833.68,PUE,No definido,MXN,NA,VENCIDA,NA,0,NA,NA,NA,NA,NA,NA,0,NA,NINGUNA
D4863EACF26F404BA946FBAC9A1FAF99,NO,C**** S****S****,CSS010101**0,B**** A****S****,BAI010101**8,,02/01/23,0,0,0,PUE,No definido,MXN,NA,VENCIDA,NA,0,NA,NA,NA,NA,NA,NA,0,NA,NINGUNA
D3F2923042114181B5ACF26FC67F0050,NO,C**** S****S****,CSS010101**0,H**** D****P****,HDS010101**9,,14/04/23,56888.21,0,56888.21,PUE,No definido,MXN,NA,VENCIDA,NA,0,NA,NA,NA,NA,NA,NA,0,NA,NINGUNA
D3A218E742BC44B69641B705C713F160,NO,J**** J****A****,AEB010101**7,C**** S****S****,CSS010101**0,,30/06/23,5144.06,0,5144.06,PUE,No definido,MXN,NA,VENCIDA,NA,0,NA,NA,NA,NA,NA,NA,0,NA,NINGUNA
D31BD485008F4E338F072271AEF99686,NO,S**** B****F****,SBF010101**0,S**** D****T****,STP010101**6,,03/05/23,4172.4,0,4172.4,PPD,No definido,MXN,NA,PENDIENTE,NA,0,NA,NA,NA,NA,NA,NA,0,NA,NINGUNA
D2E58CDBD4BA4173AE6266AEF287447A,NO,C**** S****S****,CSS010101**0,H**** D****P****,HDS010101**9,,31/07/23,63025.4,0,63025.4,PUE,No definido,MXN,NA,VENCIDA,NA,0,NA,NA,NA,NA,NA,NA,0,NA,NINGUNA
D2AFB2037DD940369507A14914D915F9,NO,J**** J****A****,AEB010101**7,C**** S****S****,CSS010101**0,,16/05/23,5144.72,0,5144.72,PUE,No definido,MXN,NA,VENCIDA,NA,0,NA,NA,NA,NA,NA,NA,0,NA,NINGUNA
D2A83B662C9D4E9F9953810518BB34F7,NO,D**** M****L****,MAL010101**4,C**** S****S****,CSS010101**0,,01/02/23,3940,0,3940,PUE,No definido,MXN,NA,VENCIDA,NA,0,NA,NA,NA,NA,NA,NA,0,NA,NINGUNA
D2846864214740A89FC9F5802FD5600F,NO,C**** S****S****,CSS010101**0,G****,GLO010101**1,,27/10/23,2842,0,2842,PPD,No definido,MXN,NA,PENDIENTE,NA,0,NA,NA,NA,NA,NA,NA,0,NA,NINGUNA
D1CA6682076D4916BCF7841A31D7B159,NO,V**** H****M****,MOM010101**4,C**** S****S****,CSS010101**0,,15/09/23,3111.6,0,3111.6,PUE,No definido,MXN,NA,VENCIDA,NA,0,NA,NA,NA,NA,NA,NA,0,NA,NINGUNA
D1AA60496E8948EB93D86A711E8B6A70,NO,V**** H****M****,MOM010101**4,C**** S****S****,CSS010101**0,,16/10/23,3111.6,0,3111.6,PUE,31/10/23,MXN,NA,VENCIDA,NA,0,NA,NA,NA,NA,NA,NA,0,NA,NINGUNA
D1897E75B6304B1D8BC9CE47C80451CB,NO,C**** S****S****,CSS010101**0,T**** T****S****,TTS010101**9,,16/08/23,23065.09,0,23065.09,PUE,No definido,MXN,NA,VENCIDA,NA,0,NA,NA,NA,NA,NA,NA,0,NA,NINGUNA
CFDEABA63B0D47D8AAD1380FFB6EA234,NO,C**** S****S****,CSS010101**0,B**** I****S****,BII010101**1,,02/11/23,224.46,0,224.46,PUE,30/11/23,MXN,NA,PENDIENTE,NA,0,NA,NA,NA,NA,NA,NA,0,NA,NINGUNA
CFA23D88A1ED40A8A8954BA839BB394E,NO,C**** S****S****,CSS010101**0,H**** D****P****,HDS010101**9,,12/10/23,62355.8,0,62355.8,PPD,No definido,MXN,NA,PENDIENTE,NA,0,NA,NA,NA,NA,NA,NA,0,NA,NINGUNA
CE6AC4F82CC84C47A68F274EBDF52E93,NO,C**** S****S****,CSS010101**0,J**** A****A****,AUV010101**4,,05/05/23,5224,0,5224,PUE,No definido,MXN,NA,VENCIDA,NA,0,NA,NA,NA,NA,NA,NA,0,NA,NINGUNA
CD1733B3D5B64A67BB7B772B86FD41EC,NO,C**** S****S****,CSS010101**0,B**** A****S****,BAI010101**8,,06/02/23,0,0,0,PUE,No definido,MXN,NA,VENCIDA,NA,0,NA,NA,NA,NA,NA,NA,0,NA,NINGUNA
CCC9C4B793FD47688055831100DC2B44,NO,C**** S****S****,CSS010101**0,R**** A****D****,RAD010101**2,,15/10/23,2072.63,0,2072.63,PUE,31/10/23,MXN,NA,VENCIDA,NA,0,NA,NA,NA,NA,NA,NA,0,NA,NINGUNA
CBC3B5274CA04CB88B6DBC7EE6BE2F8D,NO,V**** H****M****,MOM010101**4,C**** S****S****,CSS010101**0,,08/08/23,3111.6,0,3111.6,PUE,No definido,MXN,NA,VENCIDA,NA,0,NA,NA,NA,NA,NA,NA,0,NA,NINGUNA
CA227BEACD8A4ACEB335A581BBDD9BF8,NO,S**** B****F****,SBF010101**0,B**** S****M****,BSM010101**8,,01/04/23,810.84,0,810.84,PUE,No definido,MXN,NA,VENCIDA,NA,0,NA,NA,NA,NA,NA,NA,0,NA,NINGUNA
C9F39E1076F44B7D8354C20B6F98251E,NO,D**** M****L****,MAL010101**4,C**** S****S****,CSS010101**0,,03/05/23,3948.41,0,3948.41,PUE,No definido,MXN,NA,VENCIDA,NA,0,NA,NA,NA,NA,NA,NA,0,NA,NINGUNA
C90CF16D57BC43DBB41940E0C5BB28D5,NO,C**** S****S****,CSS010101**0,S**** G****A****,SGD010101**1,,31/07/23,40244.26,0,40244.26,PUE,No definido,MXN,NA,VENCIDA,NA,0,NA,NA,NA,NA,NA,NA,0,NA,NINGUNA
C7F1E848A1064DBCADC3D5A8090CEFC5,NO,C**** S****S****,CSS010101**0,B**** I****S****,BII010101**1,,04/03/23,167.04,0,167.04,PUE,No definido,MXN,NA,VENCIDA,NA,0,NA,NA,NA,NA,NA,NA,0,NA,NINGUNA
C7D1F57A741C4F4DB7F243B4D1811F1D,NO,R**** M****T****,MOT010101**1,C**** S****S****,CSS010101**0,,18/04/23,5428.47,0,5428.47,PUE,No definido,MXN,NA,VENCIDA,NA,0,NA,NA,NA,NA,NA,NA,0,NA,NINGUNA
C6BEA50E16F74EEF84D20A2AF082D69E,NO,C**** S****S****,CSS010101**0,I**** M****D****,IMS010101**5,,21/04/23,9095.67,0,9095.67,PUE,No definido,MXN,NA,VENCIDA,NA,0,NA,NA,NA,NA,NA,NA,0,NA,NINGUNA
C67BF0750B0B47E38F7B8F7A54A0241B,NO,C**** S****S****,CSS010101**0,I**** Y****C****,ICJ010101**A,,03/11/23,16588,0,16588,PUE,30/11/23,MXN,NA,PENDIENTE,NA,0,NA,NA,NA,NA,NA,NA,0,NA,NINGUNA
C4F7D9AE564149FBAD5B451F868B259F,NO,D**** M****L****,MAL010101**4,C**** S****S****,CSS010101**0,,16/02/23,3948.41,0,3948.41,PUE,No definido,MXN,NA,VENCIDA,NA,0,NA,NA,NA,NA,NA,NA,0,NA,NINGUNA
C387BBAA44794C8CABCE8E6D98281531,NO,C**** S****S****,CSS010101**0,T**** H****A****,THV010101**6,,16/05/23,24708,0,24708,PUE,No definido,MXN,NA,VENCIDA,NA,0,NA,NA,NA,NA,NA,NA,0,NA,NINGUNA
C338289AE1424A79959F9432AE9A68D9,NO,C**** S****S****,CSS010101**0,B**** N****D****,BNM010101**1,,03/03/23,0,0,0,PUE,No definido,MXN,NA,VENCIDA,NA,0,NA,NA,NA,NA,NA,NA,0,NA,NINGUNA
C329C20F08194B43BAA91ABF8349C090,NO,C**** S****S****,CSS010101**0,C**** C****O****,CCO010101**5,,31/08/23,66816,0,66816,PUE,No definido,MXN,NA,VENCIDA,NA,0,NA,NA,NA,NA,NA,NA,0,NA,NINGUNA
C1DF99214DAC4DD888CC5B3060E78977,NO,C**** S****S****,CSS010101**0,T**** H****A****,THV010101**6,,31/01/23,46991.63,0,46991.63,PUE,No definido,MXN,NA,VENCIDA,NA,0,NA,NA,NA,NA,NA,NA,0,NA,NINGUNA
C1343EBE323E41749AC8F32B2C59BAEC,NO,C**** S****S****,CSS010101**0,I**** Y****C****,ICJ010101**A,,29/09/23,11952.64,11952.64,0,PUE,No definido,MXN,MXN,PAGADA,04ac4a2f7b9fb74ddc7eb26ba4283d8a,11952.64,29/09/23,0****,INBURSA,0361****0956,BANORTE,0721****1084,11952.64,036I****9859,VINCULACION NO CONFIRMADA
C0F002616B2A4A8683618C83406637AA,NO,D**** M****L****,MAL010101**4,C**** S****S****,CSS010101**0,,06/11/23,3940.53,0,3940.53,PUE,30/11/23,MXN,NA,PENDIENTE,NA,0,NA,NA,NA,NA,NA,NA,0,NA,NINGUNA
C079669CA0C04CFB8F4E0DB5D6B1C2B8,NO,J**** J****A****,AEB010101**7,C**** S****S****,CSS010101**0,,28/02/23,5164.68,0,5164.68,PUE,No definido,MXN,NA,VENCIDA,NA,0,NA,NA,NA,NA,NA,NA,0,NA,NINGUNA
C069116620CE4FE6BDFB8FBFFF8455D2,NO,C**** S****S****,CSS010101**0,P****,PAD010101**3,,30/08/23,2411.65,0,2411.65,PUE,No definido,MXN,NA,VENCIDA,NA,0,NA,NA,NA,NA,NA,NA,0,NA,NINGUNA
BFF87D17850B4D7C861992533A5CFAFC,NO,C**** S****S****,CSS010101**0,G****,GLO010101**1,,06/11/23,1641.4,0,1641.4,PPD,No definido,MXN,NA,PENDIENTE,NA,0,NA,NA,NA,NA,NA,NA,0,NA,NINGUNA
BF6CC76F4D2B46A58A5FB19A7292B4C1,NO,C**** S****S****,CSS010101**0,G****,GLO010101**1,,14/07/23,34905.94,0,34905.94,PPD,No definido,MXN,NA,PENDIENTE,NA,0,NA,NA,NA,NA,NA,NA,0,NA,NINGUNA
BF04D4AE52054AC6B141F178A132D130,NO,C**** S****S****,CSS010101**0,O**** C****C****,OCC010101**7,,26/10/23,4986.84,4986.84,0,PUE,No definido,MXN,MXN,PAGADA,87a311a7feab46a477ef106d6ff1e5e2,4986.84,25/10/23,0****,INBURSA,0361****0956,BANAMEX,0021****5096,4986.84,036I****4699,VINCULACION NO CONFIRMADA
BCF2A4DD8B5E47229279ACBBAD3F95EE,NO,C**** S****S****,CSS010101**0,P****,PAD010101**3,,29/06/23,2177.04,0,2177.04,PUE,No definido,MXN,NA,VENCIDA,NA,0,NA,NA,NA,NA,NA,NA,0,NA,NINGUNA
BCEDA4B72BB041F4B092AE5C6852BCE0,NO,J**** A****R****,ROZ010101**2,C**** S****S****,CSS010101**0,,16/06/23,5631.21,0,5631.21,PUE,No definido,MXN,NA,VENCIDA,NA,0,NA,NA,NA,NA,NA,NA,0,NA,NINGUNA
BAECDEC0D22945618E7B0515707A389E,NO,A**** I****E****,EOR010101**1,C**** S****S****,CSS010101**0,,31/05/23,3111.6,0,3111.6,PUE,No definido,MXN,NA,VENCIDA,NA,0,NA,NA,NA,NA,NA,NA,0,NA,NINGUNA
BA9F42EED10143BC94B8B0152F3BF54B,NO,C**** S****S****,CSS010101**0,T**** H****A****,THV010101**6,,15/08/23,155062.7,0,155062.7,PUE,No definido,MXN,NA,VENCIDA,NA,0,NA,NA,NA,NA,NA,NA,0,NA,NINGUNA
BA92DB3E1A344C8CAC95C7A735872C50,NO,C**** S****S****,CSS010101**0,G****,GLO010101**1,,06/09/23,34482.54,34482.54,0,PPD,No definido,MXN,MXN,PAGADA,cc8f4d223b7b80e2f2ff5e2ee472ae87,34482.54,16/10/23,3****,INBURSA,0361****0956,BBVA,0121****0148,34482.54,036I****4800,VINCULACION NO CONFIRMADA
B9DBB6D2D99046A4B2D5E0A0B04710D7,NO,A**** I****E****,EOR010101**1,C**** S****S****,CSS010101**0,,18/04/23,3111.6,0,3111.6,PUE,No definido,MXN,NA,VENCIDA,NA,0,NA,NA,NA,NA,NA,NA,0,NA,NINGUNA
B9A6CE5F59E3473690A6A91324CA5AF3,NO,M**** L****M****,MOR010101**7,C**** S****S****,CSS010101**0,,15/07/23,829.76,0,829.76,PUE,No definido,MXN,NA,VENCIDA,NA,0,NA,NA,NA,NA,NA,NA,0,NA,NINGUNA
B94FBE544433413DA54FF5E3EC5BDA45,NO,C**** S****S****,CSS010101**0,C**** &****C****,CAC010101**3,,03/11/23,54256.71,0,54256.71,PUE,30/11/23,MXN,NA,PENDIENTE,NA,0,NA,NA,NA,NA,NA,NA,0,NA,NINGUNA
B7FCA1EAC8224FCEBA5ADB486736276E,NO,C**** S****S****,CSS010101**0,S**** G****A****,SGD010101**1,,15/03/23,16491.13,0,16491.13,PUE,No definido,MXN,NA,VENCIDA,NA,0,NA,NA,NA,NA,NA,NA,0,NA,NINGUNA
B7BCB617CBBB4D11AD6BAF80D5309083,NO,C**** S****S****,CSS010101**0,T**** E****E****,TEE010101**0,,29/06/23,125224.71,0,125224.71,PUE,No definido,MXN,NA,VENCIDA,NA,0,NA,NA,NA,NA,NA,NA,0,NA,NINGUNA
B6F8FBCF36C5467594244E8FAAF4EDD8,NO,V**** H****M****,MOM010101**4,C**** S****S****,CSS010101**0,,28/02/23,3111.6,0,3111.6,PUE,No definido,MXN,NA,VENCIDA,NA,0,NA,NA,NA,NA,NA,NA,0,NA,NINGUNA
B6C5EB9799A14D01B588E5BA245FEA9C,NO,M**** L****M****,MOR010101**7,C**** S****S****,CSS010101**0,,16/05/23,0,0,0,PUE,No definido,MXN,NA,VENCIDA,NA,0,NA,NA,NA,NA,NA,NA,0,NA,NINGUNA
B5E7473F64FF461287B841451DA27AA6,NO,C**** S****S****,CSS010101**0,D**** L****G****,GAC010101**2,,08/06/23,95333.3,0,95333.3,PUE,No definido,MXN,NA,VENCIDA,NA,0,NA,NA,NA,NA,NA,NA,0,NA,NINGUNA
B5B0AEC7F1D64DAFAAB04552F4B432E4,NO,A**** I****E****,EOR010101**1,C**** S****S****,CSS010101**0,,30/06/23,3111.6,0,3111.6,PUE,No definido,MXN,NA,VENCIDA,NA,0,NA,NA,NA,NA,NA,NA,0,NA,NINGUNA
B4F708C0D1FD4B4EA1666703BDBFFBA1,NO,C**** S****S****,CSS010101**0,T**** H****A****,THV010101**6,,31/10/23,20402.71,0,20402.71,PPD,No definido,MXN,NA,PENDIENTE,NA,0,NA,NA,NA,NA,NA,NA,0,NA,NINGUNA
B4BB5535511D4C10928BAB504DEA4B7A,NO,C**** S****S****,CSS010101**0,T**** H****A****,THV010101**6,,14/04/23,47265.48,0,47265.48,PUE,No definido,MXN,NA,VENCIDA,NA,0,NA,NA,NA,NA,NA,NA,0,NA,NINGUNA
B472DEED2CCF5300B360A87DD237303B,NO,C**** S****S****,CSS010101**0,I****,IZA010101**2,,03/08/23,3306,3306,0,PPD,No definido,MXN,MXN,PAGADA,1c3c6879c9c3e75d64db47c291245f62,3306,05/09/23,D****,INBURSA,0361****0956,SANTANDER,0145****7530,3306,036I****3494,VINCULACION NO CONFIRMADA
B34265502F344510A7E7BA7958172079,NO,C**** S****S****,CSS010101**0,B**** N****D****,BNM010101**1,,02/08/23,568.4,0,568.4,PUE,No definido,MXN,NA,VENCIDA,NA,0,NA,NA,NA,NA,NA,NA,0,NA,NINGUNA
B2FB8130E41B4CD4B319A7064E223FEA,NO,M**** L****M****,MOR010101**7,C**** S****S****,CSS010101**0,,18/04/23,3111.6,0,3111.6,PUE,No definido,MXN,NA,VENCIDA,NA,0,NA,NA,NA,NA,NA,NA,0,NA,NINGUNA
B2CA091BEDBF43A8B6895B4D6B7904F3,NO,C**** S****S****,CSS010101**0,T**** H****A****,THV010101**6,,15/03/23,29000.23,0,29000.23,PUE,No definido,MXN,NA,VENCIDA,NA,0,NA,NA,NA,NA,NA,NA,0,NA,NINGUNA
B215D52835D04106BED458C43983B301,NO,C**** S****S****,CSS010101**0,T**** H****A****,THV010101**6,,30/08/23,20402.71,0,20402.71,PUE,No definido,MXN,NA,VENCIDA,NA,0,NA,NA,NA,NA,NA,NA,0,NA,NINGUNA
B2074CEC843A419A82A4A8B1BB74F5C9,NO,C**** S****S****,CSS010101**0,F**** A****M****,AUM010101**0,,28/10/23,34694.42,0,34694.42,PUE,31/10/23,MXN,NA,VENCIDA,NA,0,NA,NA,NA,NA,NA,NA,0,NA,NINGUNA
B18E2BF3EBE94F6EA65A9879FCD0E6C3,NO,C**** S****S****,CSS010101**0,S**** G****A****,SGD010101**1,,14/04/23,83389.5,0,83389.5,PUE,No definido,MXN,NA,VENCIDA,NA,0,NA,NA,NA,NA,NA,NA,0,NA,NINGUNA
B0DBB5CE16884931B5A5A179A0D34F7E,NO,V**** H****M****,MOM010101**4,C**** S****S****,CSS010101**0,,21/02/23,2825.79,0,2825.79,PUE,No definido,MXN,NA,VENCIDA,NA,0,NA,NA,NA,NA,NA,NA,0,NA,NINGUNA
B0792A06732D4186811228669EF4EFA5,NO,C**** S****S****,CSS010101**0,T**** H****A****,THV010101**6,,31/01/23,267726.9,0,267726.9,PUE,No definido,MXN,NA,VENCIDA,NA,0,NA,NA,NA,NA,NA,NA,0,NA,NINGUNA
B03C4FCB4B96458CAFEE051B5A842884,NO,C**** S****S****,CSS010101**0,R**** K****E****,EAS010101**3,,06/06/23,516.37,0,516.37,PUE,No definido,MXN,NA,VENCIDA,NA,0,NA,NA,NA,NA,NA,NA,0,NA,NINGUNA
B0042C62388247FEBB844D8C5913A6AB,NO,S**** B****F****,SBF010101**0,S****,STE010101**8,,04/07/23,5800,0,5800,PPD,No definido,MXN,NA,PENDIENTE,NA,0,NA,NA,NA,NA,NA,NA,0,NA,NINGUNA
AF2CBBEB2C54414AA4F5019CAEE463C5,NO,A**** I****E****,EOR010101**1,C**** S****S****,CSS010101**0,,15/07/23,3111.6,0,3111.6,PUE,No definido,MXN,NA,VENCIDA,NA,0,NA,NA,NA,NA,NA,NA,0,NA,NINGUNA
AD23B4DCE90A4E748185A6F4565DD3A8,NO,J**** A****R****,ROZ010101**2,C**** S****S****,CSS010101**0,,05/04/23,5620.07,0,5620.07,PUE,No definido,MXN,NA,VENCIDA,NA,0,NA,NA,NA,NA,NA,NA,0,NA,NINGUNA
ACD290EE6CDB49C9A5BA99964272B9C2,NO,A**** I****E****,EOR010101**1,C**** S****S****,CSS010101**0,,31/08/23,3111.6,0,3111.6,PUE,No definido,MXN,NA,VENCIDA,NA,0,NA,NA,NA,NA,NA,NA,0,NA,NINGUNA
AB653E20DC2B4271AD1969A0B23A8F9E,NO,R**** M****T****,MOT010101**1,C**** S****S****,CSS010101**0,,06/11/23,5416.81,0,5416.81,PUE,30/11/23,MXN,NA,PENDIENTE,NA,0,NA,NA,NA,NA,NA,NA,0,NA,NINGUNA
AAB5B775CE4945E6AF63B414BE436286,NO,J**** J****A****,AEB010101**7,C**** S****S****,CSS010101**0,,01/02/23,5133.3,0,5133.3,PUE,No definido,MXN,NA,VENCIDA,NA,0,NA,NA,NA,NA,NA,NA,0,NA,NINGUNA
A9D70D1366EA41B4886CDD10EE4F1234,NO,C**** S****S****,CSS010101**0,S**** G****A****,SGD010101**1,,14/04/23,39934.29,0,39934.29,PUE,No definido,MXN,NA,VENCIDA,NA,0,NA,NA,NA,NA,NA,NA,0,NA,NINGUNA
A938D2D12D8C467EBBFB3C65F7DECEFB,NO,C**** S****S****,CSS010101**0,H**** A****Y****,HAA010101**1,,16/10/23,11241.4,0,11241.4,PPD,No definido,MXN,NA,PENDIENTE,NA,0,NA,NA,NA,NA,NA,NA,0,NA,NINGUNA
A8B0E7A0709E43859FD794111421BD1E,NO,C**** S****S****,CSS010101**0,S**** G****A****,SGD010101**1,,15/06/23,24708,0,24708,PUE,No definido,MXN,NA,VENCIDA,NA,0,NA,NA,NA,NA,NA,NA,0,NA,NINGUNA
A817036582BC48BAB1A57AF7DD0A6266,NO,A**** I****E****,EOR010101**1,C**** S****S****,CSS010101**0,,06/11/23,3111.6,0,3111.6,PUE,30/11/23,MXN,NA,PENDIENTE,NA,0,NA,NA,NA,NA,NA,NA,0,NA,NINGUNA
A729AF68A2474A63B811694E3A03AB81,NO,S**** B****F****,SBF010101**0,B**** S****M****,BSM010101**8,,29/04/23,810.84,0,810.84,PUE,No definido,MXN,NA,VENCIDA,NA,0,NA,NA,NA,NA,NA,NA,0,NA,NINGUNA
A6F6283A0CFF4267B06E1D8DE4B237B6,NO,C**** S****S****,CSS010101**0,F**** A****M****,AUM010101**0,,08/11/23,52041.65,0,52041.65,PUE,30/11/23,MXN,NA,PENDIENTE,NA,0,NA,NA,NA,NA,NA,NA,0,NA,NINGUNA
A611515D48414AA9B1466FE7C513CA4C,NO,S**** B****F****,SBF010101**0,B**** S****M****,BSM010101**8,,02/06/23,810.84,0,810.84,PUE,No definido,MXN,NA,VENCIDA,NA,0,NA,NA,NA,NA,NA,NA,0,NA,NINGUNA
A609C3A6E525461FBD37330B69E9D78F,NO,C**** S****S****,CSS010101**0,C**** G****M****,CGM010101**8,,25/10/23,14505.54,14505.54,0,PUE,No definido,MXN,MXN,PAGADA,4ff275a2bfd289e53dc5ae2e64e5f8dd,14505.54,26/10/23,.****,INBURSA,0361****0956,BBVA,0121****7490,14505.54,036I****0503,VINCULACION NO CONFIRMADA
A3F7FD8AD632553C99C41F3BD1F2696E,NO,C**** S****S****,CSS010101**0,I****,IZA010101**2,,16/05/23,3306,0,3306,PUE,No definido,MXN,NA,VENCIDA,NA,0,NA,NA,NA,NA,NA,NA,0,NA,NINGUNA
A2CE366116CF4145B4364F772817BC88,NO,C**** S****S****,CSS010101**0,B**** I****S****,BII010101**1,,05/04/23,172.26,0,172.26,PUE,No definido,MXN,NA,VENCIDA,NA,0,NA,NA,NA,NA,NA,NA,0,NA,NINGUNA
A1B6D49F434E484089552BEC5CDA620A,NO,C**** S****S****,CSS010101**0,B**** I****S****,BII010101**1,,02/10/23,182.7,0,182.7,PUE,31/10/23,MXN,NA,VENCIDA,NA,0,NA,NA,NA,NA,NA,NA,0,NA,NINGUNA
A11FBE177C0A4AF4B9E2DB07FEC0F8CD,NO,J**** J****A****,AEB010101**7,C**** S****S****,CSS010101**0,,31/08/23,5134.04,0,5134.04,PUE,No definido,MXN,NA,VENCIDA,NA,0,NA,NA,NA,NA,NA,NA,0,NA,NINGUNA
A0D99A8EAA2E44B6A78F7262FB7D47DE,NO,C**** S****S****,CSS010101**0,S**** G****A****,SGD010101**1,,15/06/23,39934.3,0,39934.3,PUE,No definido,MXN,NA,VENCIDA,NA,0,NA,NA,NA,NA,NA,NA,0,NA,NINGUNA
A08955B937BF45BE80686B69EC0D61A1,NO,C**** S****S****,CSS010101**0,H**** D****P****,HDS010101**9,,29/09/23,114939.19,0,114939.19,PUE,No definido,MXN,NA,VENCIDA,NA,0,NA,NA,NA,NA,NA,NA,0,NA,NINGUNA
A06D058D58984D5AB9BB3CE09F306C3B,NO,D**** M****L****,MAL010101**4,C**** S****S****,CSS010101**0,,16/01/23,3947.35,0,3947.35,PUE,No definido,MXN,NA,VENCIDA,NA,0,NA,NA,NA,NA,NA,NA,0,NA,NINGUNA
A01D6309A0564847A197885909C3ACA2,NO,C**** S****S****,CSS010101**0,D**** E****M****,DEM010101**9,,21/02/23,667.31,667.31,0,PUE,No definido,MXN,MXN,PAGADA,6002a57ef0a2bc3f8687b356e38c7c25,3000,27/02/23,c****,INBURSA,0361****0956,NA,****,667.31,036I****0755,VINCULACIÓN CONFIRMADA
A00D2FD2C495437D81E02F2A2BB7AF8C,NO,C**** S****S****,CSS010101**0,I**** M****D****,IMS010101**5,,21/07/23,16876.19,0,16876.19,PUE,No definido,MXN,NA,VENCIDA,NA,0,NA,NA,NA,NA,NA,NA,0,NA,NINGUNA
9FD729C6BC5B4E78B5249746575CF0B5,NO,C**** S****S****,CSS010101**0,"""**** D****G****",AGE010101**5,,25/08/23,1758.26,0,1758.26,PUE,No definido,MXN,NA,VENCIDA,NA,0,NA,NA,NA,NA,NA,NA,0,NA,NINGUNA
9F72E614C44B49F8B6B1FD7D6C1BA8FE,NO,C**** S****S****,CSS010101**0,B**** N****D****,BNM010101**1,,02/02/23,0,0,0,PUE,No definido,MXN,NA,VENCIDA,NA,0,NA,NA,NA,NA,NA,NA,0,NA,NINGUNA
9F435E72F3AB4DA8AA0078BCE9A2DFFC,NO,C**** S****S****,CSS010101**0,H**** D****P****,HDS010101**9,,15/06/23,114983.02,0,114983.02,PUE,No definido,MXN,NA,VENCIDA,NA,0,NA,NA,NA,NA,NA,NA,0,NA,NINGUNA
9F2A276A62B34C6D83FCEB4D069D221F,NO,V**** H****M****,MOM010101**4,C**** S****S****,CSS010101**0,,16/03/23,3111.6,3111.6,0,PUE,No definido,MXN,MXN,PAGADA,b742a17b35e24eadbe83333ea1b3d4c7,3111.6,15/03/23,1****,INBURSA,NA,NA,****,3111.6,NA,VINCULACIÓN CONFIRMADA
9E7662121A0744D4912BEC8B6648F0D5,NO,J**** A****R****,ROZ010101**2,C**** S****S****,CSS010101**0,,28/02/23,5653.51,0,5653.51,PUE,No definido,MXN,NA,VENCIDA,NA,0,NA,NA,NA,NA,NA,NA,0,NA,NINGUNA
9E40386C211E454494BD73D19DE07E67,NO,C**** S****S****,CSS010101**0,H**** D****P****,HDS010101**9,,15/08/23,114927.03,0,114927.03,PUE,No definido,MXN,NA,VENCIDA,NA,0,NA,NA,NA,NA,NA,NA,0,NA,NINGUNA
9DFFBBF3D64742E08EC7BBF9A3EA1F62,SI,C**** S****S****,CSS010101**0,T****,671010101**0,,23/03/23,1919,1919,0,PUE,No definido,MXN,MXN,PAGADA,7262ff6fb14c0fe98a619e01c1ce1ed9,1919,17/03/23,NA,INBURSA,NA,NA,****,1919,NA,VINCULACIÓN CONFIRMADA
9D756F6F50CE4517BFA6EAEC60BA7620,NO,M**** L****M****,MOR010101**7,C**** S****S****,CSS010101**0,,06/11/23,3111.6,0,3111.6,PUE,30/11/23,MXN,NA,PENDIENTE,NA,0,NA,NA,NA,NA,NA,NA,0,NA,NINGUNA
9D5D1157E5204179818C1C1150F628CE,NO,C**** S****S****,CSS010101**0,H**** D****P****,HDS010101**9,,29/06/23,114926.87,0,114926.87,PUE,No definido,MXN,NA,VENCIDA,NA,0,NA,NA,NA,NA,NA,NA,0,NA,NINGUNA
9D18B2EE57AF4E84BC1450EB6D3F2A2F,NO,C**** S****S****,CSS010101**0,E**** A****R****,ROE010101**2,,30/01/23,3597.67,3597.67,0,PUE,No definido,MXN,MXN,PAGADA,73fc618f7c2d97542e084a8e7741a9f6,3597.67,30/01/23,e****,INBURSA,0361****0956,NA,****,3597.67,036I****3447,VINCULACIÓN CONFIRMADA
9C7C885CC4C14EDD972220AB1A2A32E9,NO,S**** B****F****,SBF010101**0,S****,STE010101**8,,01/09/23,5800,0,5800,PPD,No definido,MXN,NA,PENDIENTE,NA,0,NA,NA,NA,NA,NA,NA,0,NA,NINGUNA
9C2E9F66D9164B00A6A1CF533E2840B0,NO,D**** M****L****,MAL010101**4,C**** S****S****,CSS010101**0,,15/07/23,3948.41,0,3948.41,PUE,No definido,MXN,NA,VENCIDA,NA,0,NA,NA,NA,NA,NA,NA,0,NA,NINGUNA
9C2D093D5E054D1EB31C7E81AECDAC97,NO,A**** I****E****,EOR010101**1,C**** S****S****,CSS010101**0,,21/02/23,2825.88,0,2825.88,PUE,No definido,MXN,NA,VENCIDA,NA,0,NA,NA,NA,NA,NA,NA,0,NA,NINGUNA
9C2CF4B65C174D3AB236CE53ECC96ADB,NO,R**** M****T****,MOT010101**1,C**** S****S****,CSS010101**0,,31/08/23,5416.81,0,5416.81,PUE,No definido,MXN,NA,VENCIDA,NA,0,NA,NA,NA,NA,NA,NA,0,NA,NINGUNA
9BA8F1BE1C0648D184646F76429B363D,NO,C**** S****S****,CSS010101**0,E**** A****R****,ROE010101**2,,02/06/23,885,0,885,PUE,No definido,MXN,NA,VENCIDA,NA,0,NA,NA,NA,NA,NA,NA,0,NA,NINGUNA
9B840AF7A45B444395D422B4358AC565,NO,C**** S****S****,CSS010101**0,T**** H****A****,THV010101**6,,14/09/23,150758.56,0,150758.56,PPD,No definido,MXN,NA,PENDIENTE,NA,0,NA,NA,NA,NA,NA,NA,0,NA,NINGUNA
9AEBE7B2D4464F9583B00E4C105BE77D,NO,M**** L****M****,MOR010101**7,C**** S****S****,CSS010101**0,,02/10/23,3111.6,0,3111.6,PUE,31/10/23,MXN,NA,VENCIDA,NA,0,NA,NA,NA,NA,NA,NA,0,NA,NINGUNA
9AB2FFC991FF4A149DA60763A08D3F51,NO,C**** S****S****,CSS010101**0,H**** D****P****,HDS010101**9,,15/08/23,62344.79,0,62344.79,PUE,No definido,MXN,NA,VENCIDA,NA,0,NA,NA,NA,NA,NA,NA,0,NA,NINGUNA
9A921D5A3490403C9CC1467CD5B6EE2E,NO,S**** B****F****,SBF010101**0,B**** S****M****,BSM010101**8,,30/09/23,810.84,0,810.84,PUE,No definido,MXN,NA,VENCIDA,NA,0,NA,NA,NA,NA,NA,NA,0,NA,NINGUNA
9A73AB3F2FAE4ECFBC173ABD664367C8,NO,S**** B****F****,SBF010101**0,S**** D****T****,STP010101**6,,10/02/23,4164.28,4164.28,0,PUE,No definido,MXN,MXN,PAGADA,63ea6bf3d0f54f5ef7dba5ba,4164.28,10/02/23,T**** S****B****,BANREGIO,2209****0018,NA,****,4164.28,058-****5004,VINCULACIÓN CONFIRMADA
9A53B3997F3247EBA5946CC05BC8AE2C,NO,C**** S****S****,CSS010101**0,D**** L****G****,GAC010101**2,,30/03/23,69636.21,0,69636.21,PUE,No definido,MXN,NA,VENCIDA,NA,0,NA,NA,NA,NA,NA,NA,0,NA,NINGUNA
991AC4F574294829AF975D1CEF48DE83,NO,C**** S****S****,CSS010101**0,G****,GLO010101**1,,28/03/23,41239.16,0,41239.16,PPD,No definido,MXN,NA,PENDIENTE,NA,0,NA,NA,NA,NA,NA,NA,0,NA,NINGUNA
98C8420903314864AD7FAF3AD1DC565A,NO,C**** S****S****,CSS010101**0,C**** S****Y****,CSS010101**0,,19/09/23,56840,56840,0,PUE,No definido,MXN,MXN,PAGADA,b756ded49667979cbe8da09159ae73e9,56840,18/09/23,2****,INBURSA,0361****0956,BANORTE,0721****0990,56840,036I****3995,VINCULACION NO CONFIRMADA
9864B7C165E04ECA92A180910B04F79B,NO,V**** H****M****,MOM010101**4,C**** S****S****,CSS010101**0,,05/04/23,3111.6,0,3111.6,PUE,No definido,MXN,NA,VENCIDA,NA,0,NA,NA,NA,NA,NA,NA,0,NA,NINGUNA
981D0DFA258142D198BE8914208EFBD1,NO,J**** A****R****,ROZ010101**2,C**** S****S****,CSS010101**0,,16/01/23,5629.86,0,5629.86,PUE,No definido,MXN,NA,VENCIDA,NA,0,NA,NA,NA,NA,NA,NA,0,NA,NINGUNA
97D95E9FBD734E559D61D5400199F8D3,NO,C**** S****S****,CSS010101**0,T**** T****S****,TTS010101**9,,29/06/23,87580,0,87580,PUE,No definido,MXN,NA,VENCIDA,NA,0,NA,NA,NA,NA,NA,NA,0,NA,NINGUNA
97D35976BC6841C5999656A538C30802,NO,A**** I****E****,EOR010101**1,C**** S****S****,CSS010101**0,,03/05/23,3111.6,0,3111.6,PUE,No definido,MXN,NA,VENCIDA,NA,0,NA,NA,NA,NA,NA,NA,0,NA,NINGUNA
979D5AED14D549C0BC62D5DB4922B960,NO,A**** I****E****,EOR010101**1,C**** S****S****,CSS010101**0,,16/03/23,3111.6,3111.6,0,PUE,No definido,MXN,MXN,PAGADA,eea8993dffe58364bafe266e342d435a,3111.6,15/03/23,1****,INBURSA,NA,NA,****,3111.6,NA,VINCULACIÓN CONFIRMADA
978A89401CA5404E884A65A51F61D809,NO,C**** S****S****,CSS010101**0,T**** H****A****,THV010101**6,,30/08/23,154227.87,0,154227.87,PUE,No definido,MXN,NA,VENCIDA,NA,0,NA,NA,NA,NA,NA,NA,0,NA,NINGUNA
9789AE4C7CF44072B427727A19376495,NO,V**** H****M****,MOM010101**4,C**** S****S****,CSS010101**0,,16/05/23,3111.6,0,3111.6,PUE,No definido,MXN,NA,VENCIDA,NA,0,NA,NA,NA,NA,NA,NA,0,NA,NINGUNA
976CB3F8B9FE456BAC663BDE551764EE,NO,J**** A****R****,ROZ010101**2,C**** S****S****,CSS010101**0,,31/08/23,5619.82,0,5619.82,PUE,No definido,MXN,NA,VENCIDA,NA,0,NA,NA,NA,NA,NA,NA,0,NA,NINGUNA
971E46D7A69243EFBDCE0F7B9BEE5388,NO,J**** J****A****,AEB010101**7,C**** S****S****,CSS010101**0,,08/08/23,5134.04,0,5134.04,PUE,No definido,MXN,NA,VENCIDA,NA,0,NA,NA,NA,NA,NA,NA,0,NA,NINGUNA
9680C5A0CD9F496A842B0B25BF9250B4,NO,C**** S****S****,CSS010101**0,M****,MCO010101**2,,03/05/23,4756,0,4756,PUE,No definido,MXN,NA,VENCIDA,NA,0,NA,NA,NA,NA,NA,NA,0,NA,NINGUNA
965810860DF857F1A008AB03322745D5,NO,S**** B****F****,SBF010101**0,S**** F****E****,SFO010101**2,,10/04/23,1506.84,0,1506.84,PUE,No definido,MXN,NA,VENCIDA,NA,0,NA,NA,NA,NA,NA,NA,0,NA,NINGUNA
9549D6DF02BC401E800425748190FE60,NO,A**** I****E****,EOR010101**1,C**** S****S****,CSS010101**0,,01/02/23,3146.71,0,3146.71,PUE,No definido,MXN,NA,VENCIDA,NA,0,NA,NA,NA,NA,NA,NA,0,NA,NINGUNA
9473DFC7C57C4D8B87EE5DF94552C9E1,NO,S**** B****F****,SBF010101**0,S****,STE010101**8,,05/10/23,5800,0,5800,PPD,No definido,MXN,NA,PENDIENTE,NA,0,NA,NA,NA,NA,NA,NA,0,NA,NINGUNA
9382CD8DE45E428385F3C09F5E6B6955,NO,C**** S****S****,CSS010101**0,T**** H****A****,THV010101**6,,14/07/23,34655.05,0,34655.05,PUE,No definido,MXN,NA,VENCIDA,NA,0,NA,NA,NA,NA,NA,NA,0,NA,NINGUNA
932713A2CBEA43129AA651838FD18442,NO,C**** S****S****,CSS010101**0,C**** G****M****,CGM010101**8,,07/09/23,21112,21112,0,PUE,No definido,MXN,MXN,PAGADA,bc0b8e64251bc5b7ad7e2b865e7aee41,21112,08/09/23,5****,INBURSA,0361****0956,BBVA,0121****7490,21112,036I****9378,VINCULACION NO CONFIRMADA
927593D87A584FFE8C0B733523CA95F6,NO,C**** S****S****,CSS010101**0,H**** A****Y****,HAA010101**1,,19/07/23,11241.4,0,11241.4,PPD,No definido,MXN,NA,VENCIDA,NA,0,NA,NA,NA,NA,NA,NA,0,NA,NINGUNA
91F37185615646B5A96DD348E3B24C26,NO,J**** A****R****,ROZ010101**2,C**** S****S****,CSS010101**0,,03/05/23,5631.21,0,5631.21,PUE,No definido,MXN,NA,VENCIDA,NA,0,NA,NA,NA,NA,NA,NA,0,NA,NINGUNA
91892E8B0F484EC78D2C1C9D852127E8,NO,C**** S****S****,CSS010101**0,S**** G****A****,SGD010101**1,,15/05/23,101920.5,0,101920.5,PPD,No definido,MXN,NA,PENDIENTE,NA,0,NA,NA,NA,NA,NA,NA,0,NA,NINGUNA
8FF2C67EB4BB441AA09C9E6625DEC1CE,NO,V**** H****M****,MOM010101**4,C**** S****S****,CSS010101**0,,15/07/23,3111.6,0,3111.6,PUE,No definido,MXN,NA,VENCIDA,NA,0,NA,NA,NA,NA,NA,NA,0,NA,NINGUNA
8FC6D7F52EA343C6A3E7031678512C91,NO,D**** M****L****,MAL010101**4,C**** S****S****,CSS010101**0,,30/06/23,3948.41,0,3948.41,PUE,No definido,MXN,NA,VENCIDA,NA,0,NA,NA,NA,NA,NA,NA,0,NA,NINGUNA
8F95FE8BE165401EA0CE8A285C879C28,NO,C**** S****S****,CSS010101**0,T**** H****A****,THV010101**6,,15/03/23,47265.46,0,47265.46,PUE,No definido,MXN,NA,VENCIDA,NA,0,NA,NA,NA,NA,NA,NA,0,NA,NINGUNA
8F7C46CA07F94097B2A651FE4FC1C5DD,NO,C**** S****S****,CSS010101**0,T**** H****A****,THV010101**6,,12/10/23,20248.83,0,20248.83,PPD,No definido,MXN,NA,PENDIENTE,NA,0,NA,NA,NA,NA,NA,NA,0,NA,NINGUNA
8E393F13AC364213837DC717AEF7D9CC,NO,C**** S****S****,CSS010101**0,G****,GLO010101**1,,17/02/23,5898.6,0,5898.6,PPD,No definido,MXN,NA,PENDIENTE,NA,0,NA,NA,NA,NA,NA,NA,0,NA,NINGUNA
8D7D1CAA3FBB4C188A2B404606CE238D,NO,C**** S****S****,CSS010101**0,G****,GLO010101**1,,10/02/23,34603.96,0,34603.96,PPD,No definido,MXN,NA,PENDIENTE,NA,0,NA,NA,NA,NA,NA,NA,0,NA,NINGUNA
8D30A30B8D504DB2ADF883F95272976C,NO,D**** M****L****,MAL010101**4,C**** S****S****,CSS010101**0,,16/03/23,3948.41,3948.41,0,PUE,No definido,MXN,MXN,PAGADA,3b05cbddae1fe563e7009ddf95ec39e2,3948.42,15/03/23,1****,INBURSA,NA,NA,****,3948.41,NA,VINCULACIÓN CONFIRMADA
8CDCF81D44A645E19996BDAB1341FE0F,SI,C**** S****S****,CSS010101**0,F**** J****H****,191010101**6,,23/03/23,15000,15000,0,PUE,No definido,MXN,MXN,PAGADA,c744c79fd531dfb1e0f5edbdabb08120,15000,15/03/23,m****,INBURSA,NA,NA,****,15000,NA,VINCULACIÓN CONFIRMADA
8BDAFFE15DCC414592C4219251A59EB2,NO,C**** S****S****,CSS010101**0,R**** K****E****,EAS010101**3,,25/05/23,688.5,0,688.5,PUE,No definido,MXN,NA,VENCIDA,NA,0,NA,NA,NA,NA,NA,NA,0,NA,NINGUNA
8AF155CF25434856AC87E0CAD7A13803,NO,S**** B****F****,SBF010101**0,S****,STE010101**8,,02/05/23,5800,0,5800,PPD,No definido,MXN,NA,PENDIENTE,NA,0,NA,NA,NA,NA,NA,NA,0,NA,NINGUNA
8AC7B713098B44928830890B8D3AB483,NO,C**** S****S****,CSS010101**0,T**** T****S****,TTS010101**9,,15/08/23,100143.12,100143.12,0,PUE,No definido,MXN,MXN,PAGADA,bcc4c49017862d18bb0c1fbb3229d074,100143.12,15/08/23,s****,INBURSA,0361****0956,BBVA,0121****7724,100143.12,036I****1433,VINCULACION NO CONFIRMADA
89C13682FAC44B97943AD3BEB96233EA,NO,C**** S****S****,CSS010101**0,C**** S****Y****,CSS010101**0,,29/09/23,102080,102080,0,PUE,No definido,MXN,MXN,PAGADA,b1a15e7acb64a5435e747ccb353889ca,102080,29/09/23,1****,INBURSA,0361****0956,BANORTE,0721****0990,102080,036I****7969,VINCULACION NO CONFIRMADA
89AB1DD30BCF40D382B19327B3DB40AD,NO,S**** B****F****,SBF010101**0,S****,STE010101**8,,04/08/23,5800,0,5800,PPD,No definido,MXN,NA,PENDIENTE,NA,0,NA,NA,NA,NA,NA,NA,0,NA,NINGUNA
89AA801B99AE4016880085005D1F12AA,NO,C**** S****S****,CSS010101**0,H**** A****Y****,HAA010101**1,,17/04/23,4814,0,4814,PPD,No definido,MXN,NA,VENCIDA,NA,0,NA,NA,NA,NA,NA,NA,0,NA,NINGUNA
87C68F25F850441699F3AE987575C7E1,NO,C**** S****S****,CSS010101**0,H**** A****Y****,HAA010101**1,,13/06/23,11241.4,0,11241.4,PPD,No definido,MXN,NA,VENCIDA,NA,0,NA,NA,NA,NA,NA,NA,0,NA,NINGUNA
85E5F4BD1AD749828D5497D5B0767629,NO,C**** S****S****,CSS010101**0,T**** T****S****,TTS010101**9,,07/09/23,13688,13688,0,PUE,No definido,MXN,MXN,PAGADA,6d5390f3c0c0ad39bc10a79d9069c9f6,13688,08/09/23,.****,INBURSA,0361****0956,BBVA,0121****7724,13688,036I****9379,VINCULACION NO CONFIRMADA
85D81374A0344D368D25530643280212,NO,C**** S****S****,CSS010101**0,J**** R****B****,BAM010101**9,,09/08/23,731,0,731,PUE,No definido,MXN,NA,VENCIDA,NA,0,NA,NA,NA,NA,NA,NA,0,NA,NINGUNA
856F5F8C8A7B42AE8AC54777E50D69D2,NO,R**** M****T****,MOT010101**1,C**** S****S****,CSS010101**0,,31/05/23,5417.81,0,5417.81,PUE,No definido,MXN,NA,VENCIDA,NA,0,NA,NA,NA,NA,NA,NA,0,NA,NINGUNA
84DE5448A7864BB9A3616D37B56F21F3,NO,S**** B****F****,SBF010101**0,B**** S****M****,BSM010101**8,,01/07/23,810.84,0,810.84,PUE,No definido,MXN,NA,VENCIDA,NA,0,NA,NA,NA,NA,NA,NA,0,NA,NINGUNA
8496B3A10FFA43AE96746F558988AA10,NO,J**** A****R****,ROZ010101**2,C**** S****S****,CSS010101**0,,18/04/23,5631.21,0,5631.21,PUE,No definido,MXN,NA,VENCIDA,NA,0,NA,NA,NA,NA,NA,NA,0,NA,NINGUNA
8311372E799D49B8982DB35F42A04339,NO,A**** I****E****,EOR010101**1,C**** S****S****,CSS010101**0,,16/08/23,3111.6,0,3111.6,PUE,No definido,MXN,NA,VENCIDA,NA,0,NA,NA,NA,NA,NA,NA,0,NA,NINGUNA
830229ED241D4D7ABFD04EAD9960D98D,NO,C**** S****S****,CSS010101**0,T**** H****A****,THV010101**6,,29/06/23,24627.72,0,24627.72,PUE,No definido,MXN,NA,VENCIDA,NA,0,NA,NA,NA,NA,NA,NA,0,NA,NINGUNA
8297E8DEF4F34B2694BDDDAB12D9AFE4,NO,D**** M****L****,MAL010101**4,C**** S****S****,CSS010101**0,,31/08/23,3940.53,0,3940.53,PUE,No definido,MXN,NA,VENCIDA,NA,0,NA,NA,NA,NA,NA,NA,0,NA,NINGUNA
826D998AB8CB419597B8AB1AFBAA9AD2,NO,C**** S****S****,CSS010101**0,T**** H****A****,THV010101**6,,14/09/23,34655.05,0,34655.05,PPD,No definido,MXN,NA,PENDIENTE,NA,0,NA,NA,NA,NA,NA,NA,0,NA,NINGUNA
81D3B12A45A24A0FB2CA167CA60347D2,NO,C**** S****S****,CSS010101**0,T**** H****A****,THV010101**6,,12/10/23,160356.39,0,160356.39,PPD,No definido,MXN,NA,PENDIENTE,NA,0,NA,NA,NA,NA,NA,NA,0,NA,NINGUNA
81797FB0FAF94695AB6754E3201E63E3,NO,M**** L****M****,MOR010101**7,C**** S****S****,CSS010101**0,,31/05/23,0,0,0,PUE,No definido,MXN,NA,VENCIDA,NA,0,NA,NA,NA,NA,NA,NA,0,NA,NINGUNA
80F1A3FFAE7743EE8F4EEAEE567806DF,NO,C**** S****S****,CSS010101**0,P****,PAD010101**3,,15/03/23,2411.65,2411.65,0,PUE,No definido,MXN,MXN,PAGADA,176ee5e58fe64e16f6638081b8ea8768,2411.65,15/03/23,1****,INBURSA,NA,NA,****,2411.65,NA,VINCULACIÓN CONFIRMADA
80A15F54A8C94D41962E69F9E4AE8F9B,NO,C**** S****S****,CSS010101**0,G****,GLO010101**1,,13/06/23,3282.8,0,3282.8,PPD,No definido,MXN,NA,PENDIENTE,NA,0,NA,NA,NA,NA,NA,NA,0,NA,NINGUNA
80282FC25CDC4686920F927627067922,NO,C**** S****S****,CSS010101**0,D**** E****M****,DEM010101**9,,01/02/23,732.38,0,0,PUE,No definido,MXN,MXN,PAGADA,6002a57ef0a2bc3f8687b356e38c7c25,3000,13/02/23,c****,INBURSA,0361****0956,NA,****,732.38,036I****0755,VINCULACIÓN CONFIRMADA
7F5A19FC6ED143B1A2D4A6D575E312B7,NO,C**** S****S****,CSS010101**0,B**** I****S****,BII010101**1,,02/09/23,208.8,0,208.8,PUE,No definido,MXN,NA,VENCIDA,NA,0,NA,NA,NA,NA,NA,NA,0,NA,NINGUNA
7F3CE43B253E43DD9AB7DE0AE5C61A2E,NO,S**** B****F****,SBF010101**0,S**** D****T****,STP010101**6,,04/07/23,4158.95,0,4158.95,PPD,No definido,MXN,NA,PENDIENTE,NA,0,NA,NA,NA,NA,NA,NA,0,NA,NINGUNA
7ED940989AAA46BE9212B1F3214C7949,NO,C**** S****S****,CSS010101**0,O**** C****C****,OCC010101**7,,20/07/23,4986.84,0,4986.84,PUE,No definido,MXN,NA,VENCIDA,NA,0,NA,NA,NA,NA,NA,NA,0,NA,NINGUNA
7E62732EDCE1497B83E65AFCB74C1350,NO,C**** S****S****,CSS010101**0,T**** H****A****,THV010101**6,,14/09/23,20248.83,0,20248.83,PPD,No definido,MXN,NA,PENDIENTE,NA,0,NA,NA,NA,NA,NA,NA,0,NA,NINGUNA
7D4713FB6C9B4A5BA6513E1CBB999131,NO,V**** H****M****,MOM010101**4,C**** S****S****,CSS010101**0,,02/10/23,3111.6,0,3111.6,PUE,31/10/23,MXN,NA,VENCIDA,NA,0,NA,NA,NA,NA,NA,NA,0,NA,NINGUNA
7BC60AECDE1443738A9AD4CB9CDAA17A,NO,C**** S****S****,CSS010101**0,O****,OAD010101**0,,30/08/23,1725.97,0,1725.97,PUE,No definido,MXN,NA,VENCIDA,NA,0,NA,NA,NA,NA,NA,NA,0,NA,NINGUNA
7B7F784546DC4DD186923D698049A174,NO,C**** S****S****,CSS010101**0,T**** H****A****,THV010101**6,,14/03/23,46828.81,0,46828.81,PPD,No definido,MXN,NA,PENDIENTE,NA,0,NA,NA,NA,NA,NA,NA,0,NA,NINGUNA
7AB63FD6631C4018B81C42DC2043F3C4,NO,C**** S****S****,CSS010101**0,B**** I****S****,BII010101**1,,02/01/23,360.18,0,360.18,PUE,No definido,MXN,NA,VENCIDA,NA,0,NA,NA,NA,NA,NA,NA,0,NA,NINGUNA
7909EC1BC27B45FBA17A12D02B204B95,NO,C**** S****S****,CSS010101**0,H**** D****P****,HDS010101**9,,15/03/23,65248,0,65248,PPD,No definido,MXN,NA,PENDIENTE,NA,0,NA,NA,NA,NA,NA,NA,0,NA,NINGUNA
783771E60480489292F226859A7BF9D5,NO,C**** S****S****,CSS010101**0,T**** T****S****,TTS010101**9,,13/10/23,111360,111360,0,PUE,No definido,MXN,MXN,PAGADA,c083405afea4a4047207a64c1fcbc9f3,111360,13/10/23,1****,INBURSA,0361****0956,BBVA,0121****7724,111360,036I****6585,VINCULACION NO CONFIRMADA
780CE316908347DFA0254E336BC5E962,NO,C**** S****S****,CSS010101**0,T**** H****A****,THV010101**6,,15/08/23,34655.05,0,34655.05,PUE,No definido,MXN,NA,VENCIDA,NA,0,NA,NA,NA,NA,NA,NA,0,NA,NINGUNA
77B7E59D7EB54F2597211F6DA1269BE3,NO,C**** S****S****,CSS010101**0,H**** A****Y****,HAA010101**1,,15/08/23,11241.4,0,11241.4,PPD,No definido,MXN,NA,VENCIDA,NA,0,NA,NA,NA,NA,NA,NA,0,NA,NINGUNA
7743124B0C284B9BA225150426BC7271,NO,M**** L****M****,MOR010101**7,C**** S****S****,CSS010101**0,,16/03/23,3111.6,3111.6,0,PUE,No definido,MXN,MXN,PAGADA,636b7530dcafbe06fd542be972788229,3111.6,15/03/23,1****,INBURSA,NA,NA,****,3111.6,NA,VINCULACIÓN CONFIRMADA
77022CE1D0D64D05A83A8CAE4F4F3064,NO,J**** J****A****,AEB010101**7,C**** S****S****,CSS010101**0,,15/09/23,5144.06,0,5144.06,PUE,No definido,MXN,NA,VENCIDA,NA,0,NA,NA,NA,NA,NA,NA,0,NA,NINGUNA
76F8C9176FB645FC91345C1202371FEB,NO,S**** B****F****,SBF010101**0,S**** F****E****,SFO010101**2,,05/01/23,1506.84,1506.84,0,PUE,No definido,MXN,MXN,PAGADA,63d2ad0249f2e574c0577a4e,1506.84,04/01/23,T**** d****S****,BANREGIO,2209****0018,NA,****,1506.84,058-****6417,VINCULACIÓN CONFIRMADA
76F03F6F637B4AB7AFE96656DC98EE27,NO,J**** A****R****,ROZ010101**2,C**** S****S****,CSS010101**0,,06/11/23,5619.82,0,5619.82,PUE,30/11/23,MXN,NA,PENDIENTE,NA,0,NA,NA,NA,NA,NA,NA,0,NA,NINGUNA
76028C88E8F040C89B5D1FCB46126F6F,NO,S**** B****F****,SBF010101**0,B**** R****S****,BRM010101**6,,04/11/23,371.2,0,371.2,PUE,30/11/23,MXN,NA,PENDIENTE,NA,0,NA,NA,NA,NA,NA,NA,0,NA,NINGUNA
751F2DB0B3FD4395990B634A92A78679,NO,C**** S****S****,CSS010101**0,G****,GLO010101**1,,16/06/23,35483.62,0,35483.62,PPD,No definido,MXN,NA,PENDIENTE,NA,0,NA,NA,NA,NA,NA,NA,0,NA,NINGUNA
73F1D594EDB045DEB823078BF2D75417,NO,J**** A****R****,ROZ010101**2,C**** S****S****,CSS010101**0,,16/03/23,5631.21,0,5631.21,PUE,No definido,MXN,NA,VENCIDA,NA,0,NA,NA,NA,NA,NA,NA,0,NA,NINGUNA
73EF69478A3D4E3DA346CAECB9A9D9FE,NO,C**** S****S****,CSS010101**0,B**** A****S****,BAI010101**8,,02/08/23,0,0,0,PUE,No definido,MXN,NA,VENCIDA,NA,0,NA,NA,NA,NA,NA,NA,0,NA,NINGUNA
7369E285F59311ED923500155D014009,NO,C**** S****S****,CSS010101**0,I****,ICO010101**2,,18/05/23,35000,0,35000,PUE,No definido,MXN,NA,VENCIDA,NA,0,NA,NA,NA,NA,NA,NA,0,NA,NINGUNA
72A8971D98D946FDA7BC36ED5A651573,NO,J**** J****A****,AEB010101**7,C**** S****S****,CSS010101**0,,05/04/23,5134.74,0,5134.74,PUE,No definido,MXN,NA,VENCIDA,NA,0,NA,NA,NA,NA,NA,NA,0,NA,NINGUNA
71FCE4FF79034C919ED3D3E3DA8BF1EA,NO,C**** S****S****,CSS010101**0,C**** I****G****,GUF010101**1,,29/09/23,4950,0,4950,PUE,No definido,MXN,NA,VENCIDA,NA,0,NA,NA,NA,NA,NA,NA,0,NA,NINGUNA
7172757A23A7477EA30535C99A49ADA2,NO,C**** S****S****,CSS010101**0,C**** G****M****,CGM010101**8,,13/10/23,33976.4,33976.4,0,PUE,No definido,MXN,MXN,PAGADA,1a66de132c92a74365120dbb81e86fde,33976.4,13/10/23,2****,INBURSA,0361****0956,BBVA,0121****7490,33976.4,036I****6584,VINCULACION NO CONFIRMADA
70514411120E43F18A2A4DE8968883AD,NO,C**** S****S****,CSS010101**0,H**** D****P****,HDS010101**9,,14/04/23,152094.33,0,152094.33,PUE,No definido,MXN,NA,VENCIDA,NA,0,NA,NA,NA,NA,NA,NA,0,NA,NINGUNA
7008FE74D226487F80220310935F15E8,NO,C**** S****S****,CSS010101**0,T**** H****A****,THV010101**6,,15/06/23,24627.72,0,24627.72,PUE,No definido,MXN,NA,VENCIDA,NA,0,NA,NA,NA,NA,NA,NA,0,NA,NINGUNA
6EFD4D06D64D41A9B5F3A785FED4BE12,NO,C**** S****S****,CSS010101**0,E**** A****R****,ROE010101**2,,26/05/23,1518.1,0,1518.1,PUE,No definido,MXN,NA,VENCIDA,NA,0,NA,NA,NA,NA,NA,NA,0,NA,NINGUNA
6EF57910E1DD406FA713DA1431E0C981,NO,D**** M****L****,MAL010101**4,C**** S****S****,CSS010101**0,,16/05/23,3948.41,0,3948.41,PUE,No definido,MXN,NA,VENCIDA,NA,0,NA,NA,NA,NA,NA,NA,0,NA,NINGUNA
6EC44FE6B65241268521E53C92B5344D,NO,J**** J****A****,AEB010101**7,C**** S****S****,CSS010101**0,,15/07/23,5144.06,0,5144.06,PUE,No definido,MXN,NA,VENCIDA,NA,0,NA,NA,NA,NA,NA,NA,0,NA,NINGUNA
6E1F4A56495D49219577DE5E7AF62B63,NO,C**** S****S****,CSS010101**0,G****,GLO010101**1,,27/07/23,2662.2,0,2662.2,PPD,No definido,MXN,NA,PENDIENTE,NA,0,NA,NA,NA,NA,NA,NA,0,NA,NINGUNA
6D55B5529E904D158484BA4BCD935022,NO,S**** B****F****,SBF010101**0,B**** S****M****,BSM010101**8,,02/03/23,810.84,0,810.84,PUE,No definido,MXN,NA,VENCIDA,NA,0,NA,NA,NA,NA,NA,NA,0,NA,NINGUNA
6CB7D67B521947DD882BC97B0A41F4DB,NO,S**** B****F****,SBF010101**0,B**** S****M****,BSM010101**8,,02/11/23,810.84,0,810.84,PUE,30/11/23,MXN,NA,PENDIENTE,NA,0,NA,NA,NA,NA,NA,NA,0,NA,NINGUNA
6B9FA82E8C724422BB022C5245936526,NO,J**** A****R****,ROZ010101**2,C**** S****S****,CSS010101**0,,02/10/23,5630.98,0,5630.98,PUE,31/10/23,MXN,NA,VENCIDA,NA,0,NA,NA,NA,NA,NA,NA,0,NA,NINGUNA
6B9788C298CB4FBDA01DE9B61F1DEB39,NO,C**** S****S****,CSS010101**0,H**** A****Y****,HAA010101**1,,12/09/23,11241.4,0,11241.4,PPD,No definido,MXN,NA,VENCIDA,NA,0,NA,NA,NA,NA,NA,NA,0,NA,NINGUNA
6B89157F8645455AAA00F837A8C667D3,NO,C**** S****S****,CSS010101**0,H**** D****P****,HDS010101**9,,31/07/23,115691.9,0,115691.9,PUE,No definido,MXN,NA,VENCIDA,NA,0,NA,NA,NA,NA,NA,NA,0,NA,NINGUNA
6A4E9DF89D1B410989A5662E4F8F1FD1,NO,C**** S****S****,CSS010101**0,P****,PAD010101**3,,12/10/23,2411.65,0,2411.65,PPD,No definido,MXN,NA,PENDIENTE,NA,0,NA,NA,NA,NA,NA,NA,0,NA,NINGUNA
6A3C2B53AC4D4B998D535E6F21072B29,SI,C**** S****S****,CSS010101**0,S****,684010101**0,,23/03/23,3822,3822,0,PUE,No definido,MXN,MXN,PAGADA,79bbb98fc16ea496f00b1a4841b9bdbc,3822,22/03/23,NA,INBURSA,NA,NA,****,3822,NA,VINCULACIÓN CONFIRMADA
694D3F0CBBC9458A8067101FC50DB268,NO,C**** S****S****,CSS010101**0,T**** E****E****,TEE010101**0,,25/10/23,15598.78,0,15598.78,PUE,31/10/23,MXN,NA,VENCIDA,NA,0,NA,NA,NA,NA,NA,NA,0,NA,NINGUNA
6917F87A26844BF28FC3A01736CEC59E,NO,V**** H****M****,MOM010101**4,C**** S****S****,CSS010101**0,,31/05/23,3111.6,0,3111.6,PUE,No definido,MXN,NA,VENCIDA,NA,0,NA,NA,NA,NA,NA,NA,0,NA,NINGUNA
69159B86E9D6409CA5725736BC89A05A,NO,S**** B****F****,SBF010101**0,S**** D****T****,STP010101**6,,02/03/23,4167.76,0,4167.76,PPD,No definido,MXN,NA,PENDIENTE,NA,0,NA,NA,NA,NA,NA,NA,0,NA,NINGUNA
681CD87AFEB245B5872A3F5D74CFE450,NO,M**** L****M****,MOR010101**7,C**** S****S****,CSS010101**0,,30/06/23,0,0,0,PUE,No definido,MXN,NA,VENCIDA,NA,0,NA,NA,NA,NA,NA,NA,0,NA,NINGUNA
6812C29CD6AD47848FFAC9126BEA04BE,NO,C**** S****S****,CSS010101**0,B**** M****S****,BMI010101**A,,05/05/23,0,0,0,PUE,No definido,MXN,NA,VENCIDA,NA,0,NA,NA,NA,NA,NA,NA,0,NA,NINGUNA
678D71FC51344F6FAE805193204E6A42,NO,C**** S****S****,CSS010101**0,S**** G****A****,SGD010101**1,,31/10/23,40244.26,0,40244.26,PPD,No definido,MXN,NA,PENDIENTE,NA,0,NA,NA,NA,NA,NA,NA,0,NA,NINGUNA
66034C7DDB414A5ABD7908AA5991A168,NO,C**** S****S****,CSS010101**0,B**** M****S****,BMI010101**A,,07/01/23,0,0,0,PUE,No definido,MXN,NA,VENCIDA,NA,0,NA,NA,NA,NA,NA,NA,0,NA,NINGUNA
65E4044436E6490BB3FEF5196B3AE5B0,NO,C**** S****S****,CSS010101**0,B**** A****S****,BAI010101**8,,02/03/23,0,0,0,PUE,No definido,MXN,NA,VENCIDA,NA,0,NA,NA,NA,NA,NA,NA,0,NA,NINGUNA
6597FB3014E34FF49ACF556A972A1ED8,NO,C**** S****S****,CSS010101**0,B**** N****D****,BNM010101**1,,03/08/23,0,0,0,PUE,No definido,MXN,NA,VENCIDA,NA,0,NA,NA,NA,NA,NA,NA,0,NA,NINGUNA
64F5820A01554E3F8337778B55CB153D,NO,M**** L****M****,MOR010101**7,C**** S****S****,CSS010101**0,,03/05/23,622.32,0,622.32,PUE,No definido,MXN,NA,VENCIDA,NA,0,NA,NA,NA,NA,NA,NA,0,NA,NINGUNA
6474E15AAC62457999BCAA13843DA74C,NO,C**** S****S****,CSS010101**0,B**** N****D****,BNM010101**1,,02/01/23,0,0,0,PUE,No definido,MXN,NA,VENCIDA,NA,0,NA,NA,NA,NA,NA,NA,0,NA,NINGUNA
63AE6FC1ECB449848686CD764DA56E76,NO,M**** L****M****,MOR010101**7,C**** S****S****,CSS010101**0,,15/09/23,3111.6,0,3111.6,PUE,No definido,MXN,NA,VENCIDA,NA,0,NA,NA,NA,NA,NA,NA,0,NA,NINGUNA
637E752441FF4F518884E9E6ACF6A084,NO,C**** S****S****,CSS010101**0,T**** H****A****,THV010101**6,,15/08/23,20245.98,0,20245.98,PUE,No definido,MXN,NA,VENCIDA,NA,0,NA,NA,NA,NA,NA,NA,0,NA,NINGUNA
635C345FF7D046B5BE83DC2C92467257,NO,C**** S****S****,CSS010101**0,T**** T****S****,TTS010101**9,,17/10/23,20300,20300,0,PUE,No definido,MXN,MXN,PAGADA,d15dfc12f6ed1e6d37187922c4881ae2,20300,18/10/23,2****,INBURSA,0361****0956,BBVA,0121****7724,20300,036I****4473,VINCULACION NO CONFIRMADA
63535E446ABA414BA985A2AA0D450084,NO,C**** S****S****,CSS010101**0,B**** M****S****,BMI010101**A,,06/04/23,284.2,0,284.2,PUE,No definido,MXN,NA,VENCIDA,NA,0,NA,NA,NA,NA,NA,NA,0,NA,NINGUNA
60DFE80BD94C4E8685B09A4E2E32B55E,NO,S**** B****F****,SBF010101**0,S****,STE010101**8,,01/03/23,5800,0,5800,PPD,No definido,MXN,NA,PENDIENTE,NA,0,NA,NA,NA,NA,NA,NA,0,NA,NINGUNA
5F6713C52CFC470BACDB545443F6E2FD,NO,C**** S****S****,CSS010101**0,H**** D****P****,HDS010101**9,,12/10/23,114939.19,0,114939.19,PPD,No definido,MXN,NA,PENDIENTE,NA,0,NA,NA,NA,NA,NA,NA,0,NA,NINGUNA
5EC13E3784C55AC7B2A4E23E6D4F2599,NO,S**** B****F****,SBF010101**0,S**** F****E****,SFO010101**2,,28/08/23,1506.84,0,1506.84,PUE,No definido,MXN,NA,VENCIDA,NA,0,NA,NA,NA,NA,NA,NA,0,NA,NINGUNA
5EACC5946AC64BBC8A3E57A91FF53544,NO,R**** M****T****,MOT010101**1,C**** S****S****,CSS010101**0,,16/06/23,5427.53,0,5427.53,PUE,No definido,MXN,NA,VENCIDA,NA,0,NA,NA,NA,NA,NA,NA,0,NA,NINGUNA
5E9CBF51F5524B199CF08FC128408E30,NO,C**** S****S****,CSS010101**0,T**** T****S****,TTS010101**9,,18/09/23,80194.11,80194.11,0,PUE,No definido,MXN,MXN,PAGADA,26b4d1edc3c71e7969e822e9148db052,80194.11,18/09/23,1****,INBURSA,0361****0956,BBVA,0121****7724,80194.11,036I****3994,VINCULACION NO CONFIRMADA
5E6DE25BDCF4455AB8EB66C97A3FE59B,NO,J**** A****R****,ROZ010101**2,C**** S****S****,CSS010101**0,,08/08/23,5619.82,0,5619.82,PUE,No definido,MXN,NA,VENCIDA,NA,0,NA,NA,NA,NA,NA,NA,0,NA,NINGUNA
5E2A3FD75F6E413D97D352D8E5E4182C,NO,C**** S****S****,CSS010101**0,D**** E****M****,DEM010101**9,,28/10/23,880.85,0,880.85,PUE,31/10/23,MXN,NA,VENCIDA,NA,0,NA,NA,NA,NA,NA,NA,0,NA,NINGUNA
5D0893601ECF4563A84C84C5A5687272,NO,D**** M****L****,MAL010101**4,C**** S****S****,CSS010101**0,,16/06/23,3948.41,0,3948.41,PUE,No definido,MXN,NA,VENCIDA,NA,0,NA,NA,NA,NA,NA,NA,0,NA,NINGUNA
5CEC326DF4FC40548B7EBD1BB217AF23,NO,J**** A****R****,ROZ010101**2,C**** S****S****,CSS010101**0,,16/08/23,5630.98,0,5630.98,PUE,No definido,MXN,NA,VENCIDA,NA,0,NA,NA,NA,NA,NA,NA,0,NA,NINGUNA
5C7AFE6750E94A76B6E6D98CD9268032,NO,C**** S****S****,CSS010101**0,G****,GLO010101**1,,13/04/23,41239.16,0,41239.16,PPD,No definido,MXN,NA,PENDIENTE,NA,0,NA,NA,NA,NA,NA,NA,0,NA,NINGUNA
5BF22413BE814313834C2E65EF6CE53C,NO,C**** S****S****,CSS010101**0,T**** H****A****,THV010101**6,,29/06/23,34654.71,0,34654.71,PUE,No definido,MXN,NA,VENCIDA,NA,0,NA,NA,NA,NA,NA,NA,0,NA,NINGUNA
5B72B89336CE4A358CFF58969DC0A2EE,NO,V**** H****M****,MOM010101**4,C**** S****S****,CSS010101**0,,16/06/23,3111.6,0,3111.6,PUE,No definido,MXN,NA,VENCIDA,NA,0,NA,NA,NA,NA,NA,NA,0,NA,NINGUNA
5A73460CD8EA4D6CBA55B51D1A134C1C,NO,C**** S****S****,CSS010101**0,B**** N****D****,BNM010101**1,,01/05/23,0,0,0,PUE,No definido,MXN,NA,VENCIDA,NA,0,NA,NA,NA,NA,NA,NA,0,NA,NINGUNA
59FD6589E3B944B99B90D53AD0FF27F4,NO,C**** S****S****,CSS010101**0,T**** H****A****,THV010101**6,,15/03/23,246015.1,0,246015.1,PUE,No definido,MXN,NA,VENCIDA,NA,0,NA,NA,NA,NA,NA,NA,0,NA,NINGUNA
59CFEC83596B4A0C8F6149537595A99F,NO,R**** M****T****,MOT010101**1,C**** S****S****,CSS010101**0,,15/09/23,5427.53,0,5427.53,PUE,No definido,MXN,NA,VENCIDA,NA,0,NA,NA,NA,NA,NA,NA,0,NA,NINGUNA
58F5F710D4BE57D1A359D08C7EDCA6BC,NO,S**** B****F****,SBF010101**0,S**** F****E****,SFO010101**2,,30/10/23,1506.84,0,1506.84,PUE,31/10/23,MXN,NA,VENCIDA,NA,0,NA,NA,NA,NA,NA,NA,0,NA,NINGUNA
57AFB352C8574EDEB318F641E860F5EC,NO,C**** S****S****,CSS010101**0,B**** I****S****,BII010101**1,,02/07/23,454.14,0,454.14,PUE,No definido,MXN,NA,VENCIDA,NA,0,NA,NA,NA,NA,NA,NA,0,NA,NINGUNA
56B7B3AC23E5403A8737AAFD5EA32B51,NO,A**** I****E****,EOR010101**1,C**** S****S****,CSS010101**0,,28/02/23,3111.6,0,3111.6,PUE,No definido,MXN,NA,VENCIDA,NA,0,NA,NA,NA,NA,NA,NA,0,NA,NINGUNA
55C7FBC9629F443284CDF1026BBDC1E1,NO,S**** B****F****,SBF010101**0,S**** D****T****,STP010101**6,,02/10/23,3979.38,0,3979.38,PPD,No definido,MXN,NA,PENDIENTE,NA,0,NA,NA,NA,NA,NA,NA,0,NA,NINGUNA
559FBECA880A481AA0F472B471A331A2,NO,C**** S****S****,CSS010101**0,C**** G****M****,CGM010101**8,,29/06/23,114492,0,114492,PUE,No definido,MXN,NA,VENCIDA,NA,0,NA,NA,NA,NA,NA,NA,0,NA,NINGUNA
544F4288E45B456BB5F773501D2FD07C,NO,M**** L****M****,MOR010101**7,C**** S****S****,CSS010101**0,,16/08/23,3111.6,0,3111.6,PUE,No definido,MXN,NA,VENCIDA,NA,0,NA,NA,NA,NA,NA,NA,0,NA,NINGUNA
541F41A44BE84DBCB764C2794BA99C5F,NO,J**** A****R****,ROZ010101**2,C**** S****S****,CSS010101**0,,15/09/23,5630.98,0,5630.98,PUE,No definido,MXN,NA,VENCIDA,NA,0,NA,NA,NA,NA,NA,NA,0,NA,NINGUNA
5292614A654C5DC683D70DA0015CFB73,NO,C**** S****S****,CSS010101**0,I****,IZA010101**2,,02/08/23,3306,0,3306,PUE,No definido,MXN,NA,VENCIDA,NA,0,NA,NA,NA,NA,NA,NA,0,NA,NINGUNA
51E70705160A46D98DB1320274DFF9A0,NO,M**** L****M****,MOR010101**7,C**** S****S****,CSS010101**0,,01/02/23,3146.71,0,3146.71,PUE,No definido,MXN,NA,VENCIDA,NA,0,NA,NA,NA,NA,NA,NA,0,NA,NINGUNA
5064040A28D84B8EA4CB080DF73237C6,NO,C**** S****S****,CSS010101**0,B**** I****S****,BII010101**1,,02/06/23,146.16,0,146.16,PUE,No definido,MXN,NA,VENCIDA,NA,0,NA,NA,NA,NA,NA,NA,0,NA,NINGUNA
5005A5DAF92F4A548CC22A6FC8BC7752,NO,C**** S****S****,CSS010101**0,T**** H****A****,THV010101**6,,15/06/23,34654.71,0,34654.71,PUE,No definido,MXN,NA,VENCIDA,NA,0,NA,NA,NA,NA,NA,NA,0,NA,NINGUNA
4F691F510EF64FC5B287BC0165DA385D,NO,V**** H****M****,MOM010101**4,C**** S****S****,CSS010101**0,,06/11/23,3111.6,0,3111.6,PUE,30/11/23,MXN,NA,PENDIENTE,NA,0,NA,NA,NA,NA,NA,NA,0,NA,NINGUNA
4EBCB606B55A4B7CB6EA9D41E1476673,NO,C**** S****S****,CSS010101**0,T**** H****A****,THV010101**6,,25/05/23,29673.33,0,29673.33,PPD,No definido,MXN,NA,PENDIENTE,NA,0,NA,NA,NA,NA,NA,NA,0,NA,NINGUNA
4D9F3055007B4B62BB833991F33FB5E7,NO,M**** L****M****,MOR010101**7,C**** S****S****,CSS010101**0,,16/06/23,0,0,0,PUE,No definido,MXN,NA,VENCIDA,NA,0,NA,NA,NA,NA,NA,NA,0,NA,NINGUNA
4D5230D13FE24C5E9A8D560C92F8AFF9,NO,M**** L****M****,MOR010101**7,C**** S****S****,CSS010101**0,,16/01/23,3076.5,0,3076.5,PUE,No definido,MXN,NA,VENCIDA,NA,0,NA,NA,NA,NA,NA,NA,0,NA,NINGUNA
4CC573C26EF04751A0729B073CB35D64,NO,C**** S****S****,CSS010101**0,T**** H****A****,THV010101**6,,14/04/23,31261.99,0,31261.99,PUE,No definido,MXN,NA,VENCIDA,NA,0,NA,NA,NA,NA,NA,NA,0,NA,NINGUNA
4C9F7504D59C4B64B1D97C7F9DE90CB2,NO,R**** M****T****,MOT010101**1,C**** S****S****,CSS010101**0,,16/02/23,5428.47,0,5428.47,PUE,No definido,MXN,NA,VENCIDA,NA,0,NA,NA,NA,NA,NA,NA,0,NA,NINGUNA
4B7343F8561942A5A87ECC9A87CB037C,NO,C**** S****S****,CSS010101**0,R**** A****D****,RAD010101**2,,15/04/23,1450,0,1450,PUE,No definido,MXN,NA,VENCIDA,NA,0,NA,NA,NA,NA,NA,NA,0,NA,NINGUNA
4B573B20A1844FCCB224FEB4CC86E433,NO,S**** B****F****,SBF010101**0,S**** D****T****,STP010101**6,,04/04/23,4171.24,0,4171.24,PPD,No definido,MXN,NA,PENDIENTE,NA,0,NA,NA,NA,NA,NA,NA,0,NA,NINGUNA
4B16247F8DAB4AD6A0638B12C0FDBB5D,NO,C**** S****S****,CSS010101**0,T**** E****E****,TEE010101**0,,31/07/23,91176,0,91176,PUE,No definido,MXN,NA,VENCIDA,NA,0,NA,NA,NA,NA,NA,NA,0,NA,NINGUNA
4A68FC62C7B940F6A426B1D30485FB20,NO,M**** L****M****,MOR010101**7,C**** S****S****,CSS010101**0,,08/08/23,3111.6,0,3111.6,PUE,No definido,MXN,NA,VENCIDA,NA,0,NA,NA,NA,NA,NA,NA,0,NA,NINGUNA
49B8A4DFCD4348FC9844F5AFB1E25A17,NO,J**** J****A****,AEB010101**7,C**** S****S****,CSS010101**0,,16/10/23,5144.06,0,5144.06,PUE,31/10/23,MXN,NA,VENCIDA,NA,0,NA,NA,NA,NA,NA,NA,0,NA,NINGUNA
48EDACD5239C4207B1DBF8B99F918741,NO,C**** S****S****,CSS010101**0,B**** A****S****,BAI010101**8,,03/04/23,0,0,0,PUE,No definido,MXN,NA,VENCIDA,NA,0,NA,NA,NA,NA,NA,NA,0,NA,NINGUNA
48D7BEBF68B348CB937E5A25780E3FCE,NO,C**** S****S****,CSS010101**0,D**** E****M****,DEM010101**9,,30/03/23,874.08,0,874.08,PUE,No definido,MXN,NA,VENCIDA,NA,0,NA,NA,NA,NA,NA,NA,0,NA,NINGUNA
480C842877524F72A32B2D1B6CE98CAC,NO,R**** M****T****,MOT010101**1,C**** S****S****,CSS010101**0,,16/01/23,5427.12,0,5427.12,PUE,No definido,MXN,NA,VENCIDA,NA,0,NA,NA,NA,NA,NA,NA,0,NA,NINGUNA
47FDB2680469460EB144B45092DF36BA,NO,C**** S****S****,CSS010101**0,J**** C****S****,SOC010101**8,,09/01/23,30160,30160,0,PUE,No definido,MXN,MXN,PAGADA,50c769c24d54c647e6c2cf4d23c065a8,30160,25/01/23,f****,INBURSA,0361****0956,NA,****,30160,036I****9731,VINCULACIÓN CONFIRMADA
47B4ECCE924541079DC9035DC4FF0FE0,NO,C**** S****S****,CSS010101**0,I**** S****D****,IZA010101**2,,01/03/23,2201.1,0,2201.1,PPD,No definido,MXN,NA,PENDIENTE,NA,0,NA,NA,NA,NA,NA,NA,0,NA,NINGUNA
47A8AB2C7761481EBB19CBB1EDF52993,NO,A**** I****E****,EOR010101**1,C**** S****S****,CSS010101**0,,16/05/23,3111.6,0,3111.6,PUE,No definido,MXN,NA,VENCIDA,NA,0,NA,NA,NA,NA,NA,NA,0,NA,NINGUNA
47994F3E23424472BCF6453331804237,NO,C**** S****S****,CSS010101**0,S**** G****A****,SGD010101**1,,29/09/23,20248.83,0,20248.83,PUE,No definido,MXN,NA,VENCIDA,NA,0,NA,NA,NA,NA,NA,NA,0,NA,NINGUNA
47606C0CAAE34864931F122CBC4665E1,NO,D**** M****L****,MAL010101**4,C**** S****S****,CSS010101**0,,15/09/23,3947.84,0,3947.84,PUE,No definido,MXN,NA,VENCIDA,NA,0,NA,NA,NA,NA,NA,NA,0,NA,NINGUNA
4732D164B82C5FA88D00F580DBE0C7E9,NO,S**** B****F****,SBF010101**0,S**** F****E****,SFO010101**2,,07/11/23,2086.84,0,2086.84,PUE,30/11/23,MXN,NA,PENDIENTE,NA,0,NA,NA,NA,NA,NA,NA,0,NA,NINGUNA
467F80D1245A4358995A80F614D81F3A,NO,C**** S****S****,CSS010101**0,L**** A****R****,ROL010101**0,,04/10/23,371.2,371.2,0,PUE,No definido,MXN,MXN,PAGADA,020e323af3b764913197ad384b2f7cd3,371.2,05/10/23,s****,INBURSA,0361****0956,BBVA,0121****7899,371.2,036I****8748,VINCULACION NO CONFIRMADA
45EE57477A254C36B064A6A494D04A24,NO,C**** S****S****,CSS010101**0,P****,PAD010101**3,,14/04/23,2411.65,0,2411.65,PUE,No definido,MXN,NA,VENCIDA,NA,0,NA,NA,NA,NA,NA,NA,0,NA,NINGUNA
45016D57C97844B095727D0798C79DFF,NO,C**** S****S****,CSS010101**0,C**** G****M****,CGM010101**8,,31/07/23,47641.64,0,47641.64,PUE,No definido,MXN,NA,VENCIDA,NA,0,NA,NA,NA,NA,NA,NA,0,NA,NINGUNA
43DC290DF46A4AB2A9AF0B2A568FAE8D,NO,C**** S****S****,CSS010101**0,G****,GLO010101**1,,01/11/23,33621.82,0,33621.82,PPD,No definido,MXN,NA,PENDIENTE,NA,0,NA,NA,NA,NA,NA,NA,0,NA,NINGUNA
43DB8D289ADD427DBD9A230079D4F207,NO,S**** B****F****,SBF010101**0,B**** R****S****,BRM010101**6,,03/10/23,371.2,0,371.2,PUE,31/10/23,MXN,NA,VENCIDA,NA,0,NA,NA,NA,NA,NA,NA,0,NA,NINGUNA
43CBDEBA83B74FC1B76F5F1E517E7682,NO,C**** S****S****,CSS010101**0,T**** E****E****,TEE010101**0,,31/08/23,68324,0,68324,PUE,No definido,MXN,NA,VENCIDA,NA,0,NA,NA,NA,NA,NA,NA,0,NA,NINGUNA
43169E1E9EC349EBA72E5E99CA6CF9E9,NO,C**** S****S****,CSS010101**0,H**** D****P****,HDS010101**9,,31/10/23,63039.21,0,63039.21,PPD,No definido,MXN,NA,PENDIENTE,NA,0,NA,NA,NA,NA,NA,NA,0,NA,NINGUNA
42BF72CC6E0A4D49A2292803D8C46AF9,NO,C**** S****S****,CSS010101**0,L**** A****R****,ROL010101**0,,29/09/23,1067.2,1067.2,0,PUE,No definido,MXN,MXN,PAGADA,a76f3525532a7ad1178058f24a3d47dd,1067.2,28/09/23,s****,INBURSA,0361****0956,BBVA,0121****7899,1067.2,036I****2682,VINCULACION NO CONFIRMADA
4132AED7AB8C46F28931EB0052ED1627,NO,C**** S****S****,CSS010101**0,H**** D****P****,HDS010101**9,,30/08/23,115704.86,0,115704.86,PUE,No definido,MXN,NA,VENCIDA,NA,0,NA,NA,NA,NA,NA,NA,0,NA,NINGUNA
40832015F11D43D3AA20D111BBA3112B,NO,V**** H****M****,MOM010101**4,C**** S****S****,CSS010101**0,,03/05/23,3111.6,0,3111.6,PUE,No definido,MXN,NA,VENCIDA,NA,0,NA,NA,NA,NA,NA,NA,0,NA,NINGUNA
3FFC8E4B3F7B4DC19152A2489B0693D4,NO,C**** S****S****,CSS010101**0,H**** D****P****,HDS010101**9,,15/05/23,59930.8,0,59930.8,PUE,No definido,MXN,NA,VENCIDA,NA,0,NA,NA,NA,NA,NA,NA,0,NA,NINGUNA
3D75E98BD3B545C99C12DC8411E63F55,NO,D**** M****L****,MAL010101**4,C**** S****S****,CSS010101**0,,05/04/23,3941.14,0,3941.14,PUE,No definido,MXN,NA,VENCIDA,NA,0,NA,NA,NA,NA,NA,NA,0,NA,NINGUNA
3CA470DE09044952A05868840B110F8F,NO,M**** L****M****,MOR010101**7,C**** S****S****,CSS010101**0,,05/04/23,3111.6,0,3111.6,PUE,No definido,MXN,NA,VENCIDA,NA,0,NA,NA,NA,NA,NA,NA,0,NA,NINGUNA
3C1A70871A0D417F875AED87C33C8952,NO,C**** S****S****,CSS010101**0,E****,ENV010101**9,,05/09/23,740.01,0,740.01,PUE,No definido,MXN,NA,VENCIDA,NA,0,NA,NA,NA,NA,NA,NA,0,NA,NINGUNA
3B37D120493D4A21AC35833729BFC4E3,NO,R**** M****T****,MOT010101**1,C**** S****S****,CSS010101**0,,16/05/23,5428.47,0,5428.47,PUE,No definido,MXN,NA,VENCIDA,NA,0,NA,NA,NA,NA,NA,NA,0,NA,NINGUNA
3B1375F49C644BED9CCB96CF7DB917B4,NO,C**** S****S****,CSS010101**0,P****,PAD010101**3,,14/09/23,2411.65,0,2411.65,PPD,No definido,MXN,NA,PENDIENTE,NA,0,NA,NA,NA,NA,NA,NA,0,NA,NINGUNA
3AE24DE8F1324441980EFF43496C6965,NO,S**** B****F****,SBF010101**0,S****,STE010101**8,,02/06/23,5800,0,5800,PPD,No definido,MXN,NA,PENDIENTE,NA,0,NA,NA,NA,NA,NA,NA,0,NA,NINGUNA
3A9ACB8BCA405D5E9408FDA8FDF824D1,NO,S**** B****F****,SBF010101**0,S**** F****E****,SFO010101**2,,06/07/23,1506.84,0,1506.84,PUE,No definido,MXN,NA,VENCIDA,NA,0,NA,NA,NA,NA,NA,NA,0,NA,NINGUNA
3A95D86EEB3B47AFB2E95290CEC7BC2A,NO,C**** S****S****,CSS010101**0,H**** D****P****,HDS010101**9,,30/08/23,63037.14,0,63037.14,PUE,No definido,MXN,NA,VENCIDA,NA,0,NA,NA,NA,NA,NA,NA,0,NA,NINGUNA
3A12E080B9DF4F35B4529F64EB10B770,NO,C**** S****S****,CSS010101**0,S**** G****A****,SGD010101**1,,29/09/23,34655.05,0,34655.05,PUE,No definido,MXN,NA,VENCIDA,NA,0,NA,NA,NA,NA,NA,NA,0,NA,NINGUNA
39F0B64638654592BA863FD0ED34C8FA,NO,J**** J****A****,AEB010101**7,C**** S****S****,CSS010101**0,,16/02/23,5144.72,0,5144.72,PUE,No definido,MXN,NA,VENCIDA,NA,0,NA,NA,NA,NA,NA,NA,0,NA,NINGUNA
39E10AB19BCC4079B5E31712EC457E6A,NO,C**** S****S****,CSS010101**0,I**** S****D****,IZA010101**2,,02/01/23,2201.1,0,2201.1,PPD,No definido,MXN,NA,PENDIENTE,NA,0,NA,NA,NA,NA,NA,NA,0,NA,NINGUNA
3975F6ACBB364D3FABC3C0D8FBAAE5B3,NO,C**** S****S****,CSS010101**0,L**** A****R****,ROL010101**0,,26/10/23,406,0,406,PUE,31/10/23,MXN,NA,VENCIDA,NA,0,NA,NA,NA,NA,NA,NA,0,NA,NINGUNA
38B99F71011344B2B294F749AF71FCA6,NO,S**** B****F****,SBF010101**0,S**** D****T****,STP010101**6,,02/06/23,4169.5,0,4169.5,PPD,No definido,MXN,NA,PENDIENTE,NA,0,NA,NA,NA,NA,NA,NA,0,NA,NINGUNA
3810B25782E44A0BA2D37A3692F1537F,NO,C**** S****S****,CSS010101**0,B**** I****S****,BII010101**1,,03/08/23,203.58,0,203.58,PUE,No definido,MXN,NA,VENCIDA,NA,0,NA,NA,NA,NA,NA,NA,0,NA,NINGUNA
378D85E70CF64C549E2AA43C7372784E,NO,C**** S****S****,CSS010101**0,I**** M****D****,IMS010101**5,,18/08/23,8726.99,8726.99,0,PUE,No definido,MXN,MXN,PAGADA,8c484d1649f27ddead7276e23aecb78f,8726.99,14/08/23,NA,INBURSA,0361****0956,INBURSA,NA,8726.99,NA,VINCULACION NO CONFIRMADA
376589735E2F544DA1CEE61C9D08ED9F,NO,C**** S****S****,CSS010101**0,I****,IZA010101**2,,05/06/23,3306,0,3306,PUE,No definido,MXN,NA,VENCIDA,NA,0,NA,NA,NA,NA,NA,NA,0,NA,NINGUNA
3762EB8DAD6A425A94B94E4A1A099693,NO,C**** S****S****,CSS010101**0,C**** C****O****,CCO010101**5,,13/10/23,56260,56260,0,PUE,No definido,MXN,MXN,PAGADA,9e9f66b708d00fde6aaad09fa5e9daac,56260,13/10/23,1****,INBURSA,0361****0956,BANORTE,0721****9946,56260,036I****6586,VINCULACION NO CONFIRMADA
371959F0C85C49BF9624552EE09BD183,NO,C**** S****S****,CSS010101**0,D**** E****M****,DEM010101**9,,31/07/23,772.44,0,772.44,PUE,No definido,MXN,NA,VENCIDA,NA,0,NA,NA,NA,NA,NA,NA,0,NA,NINGUNA
36682BBFC2C14858AD3B895CA41CF597,NO,C**** S****S****,CSS010101**0,H**** M****S****,HMI010101**8,,01/02/23,348,0,348,PUE,No definido,MXN,NA,VENCIDA,NA,0,NA,NA,NA,NA,NA,NA,0,NA,NINGUNA
35DE29EC8FD7460D8641750EBEA4E3F0,NO,V**** H****M****,MOM010101**4,C**** S****S****,CSS010101**0,,16/01/23,3076.5,0,3076.5,PUE,No definido,MXN,NA,VENCIDA,NA,0,NA,NA,NA,NA,NA,NA,0,NA,NINGUNA
355E7165E293441D9091BF0216457C82,NO,C**** S****S****,CSS010101**0,S**** G****A****,SGD010101**1,,12/10/23,39926.24,0,39926.24,PPD,No definido,MXN,NA,PENDIENTE,NA,0,NA,NA,NA,NA,NA,NA,0,NA,NINGUNA
3487DAABB49C4B148B3B8F517C99FB6A,NO,C**** S****S****,CSS010101**0,T**** H****A****,THV010101**6,,12/10/23,34655.05,0,34655.05,PPD,No definido,MXN,NA,PENDIENTE,NA,0,NA,NA,NA,NA,NA,NA,0,NA,NINGUNA
3366826E849549C7A8217478C380F470,NO,J**** A****R****,ROZ010101**2,C**** S****S****,CSS010101**0,,31/05/23,5620.07,0,5620.07,PUE,No definido,MXN,NA,VENCIDA,NA,0,NA,NA,NA,NA,NA,NA,0,NA,NINGUNA
31D239F1C14B46D9B0D5658AB98018D3,NO,C**** S****S****,CSS010101**0,T**** T****S****,TTS010101**9,,31/07/23,145000,0,145000,PUE,No definido,MXN,NA,VENCIDA,NA,0,NA,NA,NA,NA,NA,NA,0,NA,NINGUNA
31A067A7DD8847769DCDE1EC9BBBC513,NO,C**** S****S****,CSS010101**0,T**** T****S****,TTS010101**9,,29/09/23,122960,122960,0,PUE,No definido,MXN,MXN,PAGADA,800f519c86082c6d116edee108511dc6,122960,29/09/23,2****,INBURSA,0361****0956,BBVA,0121****7724,122960,036I****9858,VINCULACION NO CONFIRMADA
30EA7AB63E5249B4907CEAA099F77FF4,NO,A**** I****E****,EOR010101**1,C**** S****S****,CSS010101**0,,16/06/23,3111.6,0,3111.6,PUE,No definido,MXN,NA,VENCIDA,NA,0,NA,NA,NA,NA,NA,NA,0,NA,NINGUNA
30B446F9171D49D3B1E43EAC82F7F434,NO,V**** H****M****,MOM010101**4,C**** S****S****,CSS010101**0,,18/04/23,3111.6,0,3111.6,PUE,No definido,MXN,NA,VENCIDA,NA,0,NA,NA,NA,NA,NA,NA,0,NA,NINGUNA
2F70B497B7E54D4EAFFEFC5131FC586E,NO,C**** S****S****,CSS010101**0,H**** D****P****,HDS010101**9,,14/07/23,114927.03,0,114927.03,PUE,No definido,MXN,NA,VENCIDA,NA,0,NA,NA,NA,NA,NA,NA,0,NA,NINGUNA
2F460F218495463082F0430C0555F018,NO,C**** S****S****,CSS010101**0,H**** A****Y****,HAA010101**1,,12/05/23,11241.4,0,11241.4,PPD,No definido,MXN,NA,VENCIDA,NA,0,NA,NA,NA,NA,NA,NA,0,NA,NINGUNA
2EDE1ADA494940E790DBC32413EE8AB7,NO,C**** S****S****,CSS010101**0,I**** S****D****,IZA010101**2,,01/02/23,2201.1,0,2201.1,PPD,No definido,MXN,NA,PENDIENTE,NA,0,NA,NA,NA,NA,NA,NA,0,NA,NINGUNA
2DA35AF61C3447F1952B9FDD748B4847,NO,C**** S****S****,CSS010101**0,T**** H****A****,THV010101**6,,30/08/23,36373.97,0,36373.97,PUE,No definido,MXN,NA,VENCIDA,NA,0,NA,NA,NA,NA,NA,NA,0,NA,NINGUNA
2D287FF900C14BD2982819BAA398EE79,NO,C**** S****S****,CSS010101**0,T**** H****A****,THV010101**6,,15/05/23,236654.67,0,236654.67,PUE,No definido,MXN,NA,VENCIDA,NA,0,NA,NA,NA,NA,NA,NA,0,NA,NINGUNA
2C488B0B687A4CD2AA4BE612358ACADA,NO,C**** S****S****,CSS010101**0,B**** I****S****,BII010101**1,,02/02/23,182.7,0,182.7,PUE,No definido,MXN,NA,VENCIDA,NA,0,NA,NA,NA,NA,NA,NA,0,NA,NINGUNA
2AF46CF53CC8428887A7A6D3142A18CB,NO,S**** B****F****,SBF010101**0,S**** F****E****,SFO010101**2,,13/02/23,1506.84,1506.84,0,PUE,No definido,MXN,MXN,PAGADA,63ea6bf3d0f54f5ef7dba5bb,1506.84,10/02/23,0****,BANREGIO,2209****0018,NA,****,1506.84,058-****1860,VINCULACIÓN CONFIRMADA
2A9102D6DCB4450C8EA8FEA7DB71C628,NO,R**** M****T****,MOT010101**1,C**** S****S****,CSS010101**0,,30/06/23,5427.53,0,5427.53,PUE,No definido,MXN,NA,VENCIDA,NA,0,NA,NA,NA,NA,NA,NA,0,NA,NINGUNA
2A21751D5CE643949A50C2EFE725DCF0,NO,C**** S****S****,CSS010101**0,I**** M****D****,IMS010101**5,,20/06/23,8017.32,0,8017.32,PUE,No definido,MXN,NA,VENCIDA,NA,0,NA,NA,NA,NA,NA,NA,0,NA,NINGUNA
295CC14013094073A4D864CE6F460EF8,NO,C**** S****S****,CSS010101**0,H**** A****Y****,HAA010101**1,,18/01/23,11241.4,0,11241.4,PPD,No definido,MXN,NA,VENCIDA,NA,0,NA,NA,NA,NA,NA,NA,0,NA,NINGUNA
28A548A0EA774BC98D15DE8E20A62B90,NO,A**** I****E****,EOR010101**1,C**** S****S****,CSS010101**0,,02/10/23,3111.6,0,3111.6,PUE,31/10/23,MXN,NA,VENCIDA,NA,0,NA,NA,NA,NA,NA,NA,0,NA,NINGUNA
286E8BD60B784381A2E0FF8781561A6D,NO,C**** S****S****,CSS010101**0,B**** N****D****,BNM010101**1,,02/09/23,568.4,0,568.4,PUE,No definido,MXN,NA,VENCIDA,NA,0,NA,NA,NA,NA,NA,NA,0,NA,NINGUNA
27E4C78395974CAD87B0E65A981A8359,NO,C**** S****S****,CSS010101**0,R**** A****D****,RAD010101**2,,15/05/23,2312.03,0,2312.03,PUE,No definido,MXN,NA,VENCIDA,NA,0,NA,NA,NA,NA,NA,NA,0,NA,NINGUNA
27899C7ED0E542BEA1D7F0645D1E3291,NO,C**** S****S****,CSS010101**0,B**** M****S****,BMI010101**A,,03/03/23,0,0,0,PUE,No definido,MXN,NA,VENCIDA,NA,0,NA,NA,NA,NA,NA,NA,0,NA,NINGUNA
2785D6BFFA6B4D44B3B83D34B11BF0E6,NO,C**** S****S****,CSS010101**0,H****,HAC010101**6,,10/01/23,19140,0,19140,PPD,No definido,MXN,NA,PENDIENTE,NA,0,NA,NA,NA,NA,NA,NA,0,NA,NINGUNA
276105D06A11481C83FA789F1C2B5565,NO,C**** S****S****,CSS010101**0,F**** F****M****,FFM010101**4,,25/08/23,4500,0,4500,PUE,No definido,MXN,NA,VENCIDA,NA,0,NA,NA,NA,NA,NA,NA,0,NA,NINGUNA
273194D70C704A7E82D11323F1CACEA1,NO,J**** J****A****,AEB010101**7,C**** S****S****,CSS010101**0,,31/05/23,5134.74,0,5134.74,PUE,No definido,MXN,NA,VENCIDA,NA,0,NA,NA,NA,NA,NA,NA,0,NA,NINGUNA
260A0E4671EE5B21B6816BF6A6838D48,NO,S**** B****F****,SBF010101**0,S**** F****E****,SFO010101**2,,12/06/23,1506.84,0,1506.84,PUE,No definido,MXN,NA,VENCIDA,NA,0,NA,NA,NA,NA,NA,NA,0,NA,NINGUNA
25537635134E41D0848F89ED3B7D7793,NO,C**** S****S****,CSS010101**0,G****,GLO010101**1,,09/01/23,29876.96,0,29876.96,PPD,No definido,MXN,NA,PENDIENTE,NA,0,NA,NA,NA,NA,NA,NA,0,NA,NINGUNA
2544915AE6534F49B38AAEF3E39510F2,NO,V**** H****M****,MOM010101**4,C**** S****S****,CSS010101**0,,16/02/23,3111.6,0,3111.6,PUE,No definido,MXN,NA,VENCIDA,NA,0,NA,NA,NA,NA,NA,NA,0,NA,NINGUNA
24514A73D9844A14BDF6E20D67F8F765,NO,A**** I****E****,EOR010101**1,C**** S****S****,CSS010101**0,,16/10/23,3111.6,0,3111.6,PUE,31/10/23,MXN,NA,VENCIDA,NA,0,NA,NA,NA,NA,NA,NA,0,NA,NINGUNA
23C891DFFE0448E38A30245DB6228606,NO,C**** S****S****,CSS010101**0,T**** H****A****,THV010101**6,,31/07/23,34739.42,0,34739.42,PUE,No definido,MXN,NA,VENCIDA,NA,0,NA,NA,NA,NA,NA,NA,0,NA,NINGUNA
2378A760A3EE49A7B6487EE571244A8F,NO,J**** J****A****,AEB010101**7,C**** S****S****,CSS010101**0,,03/05/23,5144.72,0,5144.72,PUE,No definido,MXN,NA,VENCIDA,NA,0,NA,NA,NA,NA,NA,NA,0,NA,NINGUNA
22A9C2E0FB6A4C43BE98BC366CB2A951,NO,J**** A****R****,ROZ010101**2,C**** S****S****,CSS010101**0,,16/10/23,5630.98,0,5630.98,PUE,31/10/23,MXN,NA,VENCIDA,NA,0,NA,NA,NA,NA,NA,NA,0,NA,NINGUNA
2292194DB66B4AA0A2CF7A38591D95A6,NO,C**** S****S****,CSS010101**0,E**** A****R****,ROE010101**2,,26/05/23,1698,0,1698,PUE,No definido,MXN,NA,VENCIDA,NA,0,NA,NA,NA,NA,NA,NA,0,NA,NINGUNA
228B9B3B0BC1400BA28AA42427EAA125,NO,C**** S****S****,CSS010101**0,T**** T****S****,TTS010101**9,,30/08/23,157064,0,157064,PUE,No definido,MXN,NA,VENCIDA,NA,0,NA,NA,NA,NA,NA,NA,0,NA,NINGUNA
22234A42C2164473AA533BC2E8F24497,NO,R**** M****T****,MOT010101**1,C**** S****S****,CSS010101**0,,08/08/23,5416.81,0,5416.81,PUE,No definido,MXN,NA,VENCIDA,NA,0,NA,NA,NA,NA,NA,NA,0,NA,NINGUNA
21C1A0A9B7064891B8928222A7C6F318,NO,C**** S****S****,CSS010101**0,S**** G****A****,SGD010101**1,,30/08/23,40244.26,0,40244.26,PUE,No definido,MXN,NA,VENCIDA,NA,0,NA,NA,NA,NA,NA,NA,0,NA,NINGUNA
21738DA3365C4D6AB04E52DD021B0F00,NO,C**** S****S****,CSS010101**0,H**** D****P****,HDS010101**9,,14/07/23,62344.79,0,62344.79,PUE,No definido,MXN,NA,VENCIDA,NA,0,NA,NA,NA,NA,NA,NA,0,NA,NINGUNA
2102B764AF914A5BA5D627F31E86B52A,NO,S**** B****F****,SBF010101**0,B**** S****M****,BSM010101**8,,03/02/23,810.84,0,810.84,PUE,No definido,MXN,NA,VENCIDA,NA,0,NA,NA,NA,NA,NA,NA,0,NA,NINGUNA
20AB15B750614865AD81E097881EB7AA,NO,C**** S****S****,CSS010101**0,T**** H****A****,THV010101**6,,15/03/23,49416,0,49416,PUE,No definido,MXN,NA,VENCIDA,NA,0,NA,NA,NA,NA,NA,NA,0,NA,NINGUNA
2021E3C903AD492496FFB2207C8BFA34,NO,J**** A****R****,ROZ010101**2,C**** S****S****,CSS010101**0,,15/07/23,5630.98,0,5630.98,PUE,No definido,MXN,NA,VENCIDA,NA,0,NA,NA,NA,NA,NA,NA,0,NA,NINGUNA
1FD6FFD73AEB4775AED63B6C2DDA9863,NO,C**** S****S****,CSS010101**0,H**** A****Y****,HAA010101**1,,17/04/23,11241.4,0,11241.4,PPD,No definido,MXN,NA,VENCIDA,NA,0,NA,NA,NA,NA,NA,NA,0,NA,NINGUNA
1E47EABC4E8C443C933603B515673884,NO,S**** B****F****,SBF010101**0,S**** D****T****,STP010101**6,,01/11/23,3984.6,0,3984.6,PPD,No definido,MXN,NA,PENDIENTE,NA,0,NA,NA,NA,NA,NA,NA,0,NA,NINGUNA
1E015A3E6CE44F4686FD83CBEA99E2CC,NO,C**** S****S****,CSS010101**0,B**** A****S****,BAI010101**8,,03/05/23,0,0,0,PUE,No definido,MXN,NA,VENCIDA,NA,0,NA,NA,NA,NA,NA,NA,0,NA,NINGUNA
1DE43BE0461C49EFBD4A6A053F17E85A,NO,D**** M****L****,MAL010101**4,C**** S****S****,CSS010101**0,,28/02/23,3962.97,0,3962.97,PUE,No definido,MXN,NA,VENCIDA,NA,0,NA,NA,NA,NA,NA,NA,0,NA,NINGUNA
1CA347045ED14EEAA5E9B7500CCDA850,NO,C**** S****S****,CSS010101**0,P****,PAD010101**3,,15/08/23,2411.65,0,2411.65,PUE,No definido,MXN,NA,VENCIDA,NA,0,NA,NA,NA,NA,NA,NA,0,NA,NINGUNA
1C91A7AC87354BE6ABB113D42A6B73FE,NO,C**** S****S****,CSS010101**0,T**** H****A****,THV010101**6,,14/07/23,24627.72,0,24627.72,PUE,No definido,MXN,NA,VENCIDA,NA,0,NA,NA,NA,NA,NA,NA,0,NA,NINGUNA
1C49018E11D74E67813BA03A98694B30,NO,V**** H****M****,MOM010101**4,C**** S****S****,CSS010101**0,,16/08/23,3111.6,0,3111.6,PUE,No definido,MXN,NA,VENCIDA,NA,0,NA,NA,NA,NA,NA,NA,0,NA,NINGUNA
1BA53C245616474CB632E378CE4730DB,NO,C**** S****S****,CSS010101**0,P****,PAD010101**3,,15/05/23,2177.04,0,2177.04,PUE,No definido,MXN,NA,VENCIDA,NA,0,NA,NA,NA,NA,NA,NA,0,NA,NINGUNA
1B570BBA3C6B4FCA832789FCF7D0DDB7,NO,S**** B****F****,SBF010101**0,S**** D****T****,STP010101**6,,02/08/23,3963.72,3963.72,0,PPD,No definido,MXN,MXN,PAGADA,204736631bc968dfc7df7cace8610cf8,3963.72,25/08/23, **** A****0****,BANREGIO,0581****7792, STP, 646****3952,3963.72, 058****J651,VINCULACION NO CONFIRMADA
1AF910B2B458473094B11DA8639C33A4,NO,A**** I****E****,EOR010101**1,C**** S****S****,CSS010101**0,,05/04/23,3111.6,0,3111.6,PUE,No definido,MXN,NA,VENCIDA,NA,0,NA,NA,NA,NA,NA,NA,0,NA,NINGUNA
1ACF1BAC177148E0B474EABEC5795131,NO,R**** M****T****,MOT010101**1,C**** S****S****,CSS010101**0,,17/02/23,4914.67,0,4914.67,PUE,No definido,MXN,NA,VENCIDA,NA,0,NA,NA,NA,NA,NA,NA,0,NA,NINGUNA
1A92AD3C6AF84686B0BA4FD01D8AF3EF,NO,C**** S****S****,CSS010101**0,R**** K****E****,EAS010101**3,,24/01/23,516.37,516.37,0,PUE,No definido,MXN,MXN,PAGADA,282aa7237ccb323d9524fda7fdc65e8a,3000,31/01/23,c****,INBURSA,0361****0956,NA,****,516.37,036I****0836,VINCULACIÓN CONFIRMADA
1A78E131CA2E4128840FF543B6E61C78,NO,C**** S****S****,CSS010101**0,B**** M****S****,BMI010101**A,,08/02/23,0,0,0,PUE,No definido,MXN,NA,VENCIDA,NA,0,NA,NA,NA,NA,NA,NA,0,NA,NINGUNA
1A102824BC074F3EAED1067819CB8E73,NO,C**** S****S****,CSS010101**0,B**** N****D****,BNM010101**1,,01/07/23,1705.2,0,1705.2,PUE,No definido,MXN,NA,VENCIDA,NA,0,NA,NA,NA,NA,NA,NA,0,NA,NINGUNA
1A09E561C8264A8997A70D7010E6393F,NO,J**** J****A****,AEB010101**7,C**** S****S****,CSS010101**0,,18/04/23,5144.72,0,5144.72,PUE,No definido,MXN,NA,VENCIDA,NA,0,NA,NA,NA,NA,NA,NA,0,NA,NINGUNA
19D34634804048579D7EEE1584E688B4,NO,C**** S****S****,CSS010101**0,S**** G****A****,SGD010101**1,,29/06/23,39926.24,0,39926.24,PUE,No definido,MXN,NA,VENCIDA,NA,0,NA,NA,NA,NA,NA,NA,0,NA,NINGUNA
197252ABACAC4F90996AED555CA37B93,NO,J**** A****R****,ROZ010101**2,C**** S****S****,CSS010101**0,,01/02/23,5618.62,0,5618.62,PUE,No definido,MXN,NA,VENCIDA,NA,0,NA,NA,NA,NA,NA,NA,0,NA,NINGUNA
18F37BCCA96545C295A0571D3B0008BE,NO,J**** J****A****,AEB010101**7,C**** S****S****,CSS010101**0,,17/02/23,4686.7,0,4686.7,PUE,No definido,MXN,NA,VENCIDA,NA,0,NA,NA,NA,NA,NA,NA,0,NA,NINGUNA
178D6CB6CB794AC9AE8FD27B26937728,NO,C**** S****S****,CSS010101**0,F**** F****M****,FFM010101**4,,25/08/23,4500,0,4500,PUE,No definido,MXN,NA,VENCIDA,NA,0,NA,NA,NA,NA,NA,NA,0,NA,NINGUNA
177CE8DED23F4AD285FF506398DFE0A9,NO,J**** J****A****,AEB010101**7,C**** S****S****,CSS010101**0,,16/08/23,5144.06,0,5144.06,PUE,No definido,MXN,NA,VENCIDA,NA,0,NA,NA,NA,NA,NA,NA,0,NA,NINGUNA
173870A1832946D68F975D7410E0BBB2,NO,C**** S****S****,CSS010101**0,T**** H****A****,THV010101**6,,30/06/23,215521.05,0,215521.05,PUE,No definido,MXN,NA,VENCIDA,NA,0,NA,NA,NA,NA,NA,NA,0,NA,NINGUNA
1670ED9AA1EC464C8D9001D5D86F1C4F,NO,C**** S****S****,CSS010101**0,H**** D****P****,HDS010101**9,,15/03/23,53237.14,0,53237.14,PPD,No definido,MXN,NA,PENDIENTE,NA,0,NA,NA,NA,NA,NA,NA,0,NA,NINGUNA
162B1A927E6D4BE9BB92D71661655D27,NO,S**** B****F****,SBF010101**0,B**** S****M****,BSM010101**8,,02/08/23,810.84,0,810.84,PUE,No definido,MXN,NA,VENCIDA,NA,0,NA,NA,NA,NA,NA,NA,0,NA,NINGUNA
159E9D04975B449D81F332E65F43BACE,NO,C**** S****S****,CSS010101**0,S**** G****A****,SGD010101**1,,14/07/23,6177,0,6177,PUE,No definido,MXN,NA,VENCIDA,NA,0,NA,NA,NA,NA,NA,NA,0,NA,NINGUNA
151ABE940EFD4AF28EAE74BC8F8A853D,NO,C**** S****S****,CSS010101**0,I**** M****D****,IMS010101**5,,24/02/23,8801.27,8801.27,0,PUE,No definido,MXN,MXN,PAGADA,5047d81e0bc3c965f01dfd8ca16bfcde,8801.27,27/02/23,NA,INBURSA,0361****0956,NA,****,8801.27,NA,VINCULACIÓN CONFIRMADA
151A6EB23A7B428E8353C6298A6181DC,NO,C**** S****S****,CSS010101**0,T**** H****A****,THV010101**6,,31/07/23,20399.66,0,20399.66,PUE,No definido,MXN,NA,VENCIDA,NA,0,NA,NA,NA,NA,NA,NA,0,NA,NINGUNA
13BADCBDF605400AAB51D0740C4C7D10,NO,S**** B****F****,SBF010101**0,S****,STE010101**8,,01/02/23,5800,0,5800,PPD,No definido,MXN,NA,PENDIENTE,NA,0,NA,NA,NA,NA,NA,NA,0,NA,NINGUNA
12B80E7B8EAE4C45B826A781537602F3,NO,V**** H****M****,MOM010101**4,C**** S****S****,CSS010101**0,,30/06/23,3111.6,0,3111.6,PUE,No definido,MXN,NA,VENCIDA,NA,0,NA,NA,NA,NA,NA,NA,0,NA,NINGUNA
123AC158DB084870B72F57E94DC1C5F6,NO,C**** S****S****,CSS010101**0,B**** M****S****,BMI010101**A,,02/06/23,2320,0,2320,PUE,No definido,MXN,NA,VENCIDA,NA,0,NA,NA,NA,NA,NA,NA,0,NA,NINGUNA
12054745317845A59464DF482B8097D5,NO,J**** A****R****,ROZ010101**2,C**** S****S****,CSS010101**0,,16/05/23,5631.21,0,5631.21,PUE,No definido,MXN,NA,VENCIDA,NA,0,NA,NA,NA,NA,NA,NA,0,NA,NINGUNA
11A93E6601F9459C8A2C9902CDB1F8BF,NO,A**** I****E****,EOR010101**1,C**** S****S****,CSS010101**0,,16/01/23,3076.5,0,3076.5,PUE,No definido,MXN,NA,VENCIDA,NA,0,NA,NA,NA,NA,NA,NA,0,NA,NINGUNA
116B241382A04777AACA280AE4514B4B,NO,C**** S****S****,CSS010101**0,H**** D****P****,HDS010101**9,,01/06/23,24116.4,0,24116.4,PUE,No definido,MXN,NA,VENCIDA,NA,0,NA,NA,NA,NA,NA,NA,0,NA,NINGUNA
0F78C6D10F964795B71ED9671C98FD08,NO,C**** S****S****,CSS010101**0,T**** H****A****,THV010101**6,,14/04/23,251202.56,0,251202.56,PUE,No definido,MXN,NA,VENCIDA,NA,0,NA,NA,NA,NA,NA,NA,0,NA,NINGUNA
0EFBFCE4FDB34CD597DACE427B459735,NO,C**** S****S****,CSS010101**0,B**** A****S****,BAI010101**8,,02/09/23,0,0,0,PUE,No definido,MXN,NA,VENCIDA,NA,0,NA,NA,NA,NA,NA,NA,0,NA,NINGUNA
0D5B587A1C4E4D8D832EFEC11F84901F,NO,R**** M****T****,MOT010101**1,C**** S****S****,CSS010101**0,,28/02/23,5449.79,0,5449.79,PUE,No definido,MXN,NA,VENCIDA,NA,0,NA,NA,NA,NA,NA,NA,0,NA,NINGUNA
0C737832F9B24B6988A8B8484F0A2B37,NO,C**** S****S****,CSS010101**0,H**** D****P****,HDS010101**9,,15/06/23,62364.87,0,62364.87,PUE,No definido,MXN,NA,VENCIDA,NA,0,NA,NA,NA,NA,NA,NA,0,NA,NINGUNA
0C2E4C6676FC4FBEB05AB4B0FACB6E2C,NO,C**** S****S****,CSS010101**0,P****,PAD010101**3,,14/07/23,2239.6,0,2239.6,PUE,No definido,MXN,NA,VENCIDA,NA,0,NA,NA,NA,NA,NA,NA,0,NA,NINGUNA
0B46B0837DAE47AD95B4DF517377C50D,NO,R**** M****T****,MOT010101**1,C**** S****S****,CSS010101**0,,16/10/23,5427.53,0,5427.53,PUE,31/10/23,MXN,NA,VENCIDA,NA,0,NA,NA,NA,NA,NA,NA,0,NA,NINGUNA
0B1CF59D2FF04AED88FF0EFAAA03F60E,NO,A**** I****E****,EOR010101**1,C**** S****S****,CSS010101**0,,16/02/23,3111.6,0,3111.6,PUE,No definido,MXN,NA,VENCIDA,NA,0,NA,NA,NA,NA,NA,NA,0,NA,NINGUNA
0A175B641E28579585FD80A63AF7547B,NO,C**** S****S****,CSS010101**0,I****,IZA010101**2,,03/10/23,3306,0,3306,PUE,31/10/23,MXN,NA,VENCIDA,NA,0,NA,NA,NA,NA,NA,NA,0,NA,NINGUNA
09FBB8BF363B4D2DBEA9CFA883F756DA,NO,C**** S****S****,CSS010101**0,T**** T****S****,TTS010101**9,,30/10/23,2366.84,2366.84,0,PUE,No definido,MXN,MXN,PAGADA,1ccaa66dd8055542c6b830f1863bda3e,2366.84,18/10/23,2****,INBURSA,0361****0956,BBVA,0121****7724,2366.84,036I****4472,VINCULACION NO CONFIRMADA
091FCFF9825D4E1A8948C05F5BAE9EE6,NO,C**** S****S****,CSS010101**0,S**** G****A****,SGD010101**1,,02/06/23,185310,0,185310,PUE,No definido,MXN,NA,VENCIDA,NA,0,NA,NA,NA,NA,NA,NA,0,NA,NINGUNA
08A98367380A4F8A83DB92A6B03FC9AF,NO,C**** S****S****,CSS010101**0,P****,PAD010101**3,,15/06/23,2177.04,0,2177.04,PUE,No definido,MXN,NA,VENCIDA,NA,0,NA,NA,NA,NA,NA,NA,0,NA,NINGUNA
0864A6E631474073AE33752965659301,NO,R**** M****T****,MOT010101**1,C**** S****S****,CSS010101**0,,02/10/23,5427.53,0,5427.53,PUE,31/10/23,MXN,NA,VENCIDA,NA,0,NA,NA,NA,NA,NA,NA,0,NA,NINGUNA
0853A536479742FD85F6203CEEDA1ADF,NO,C**** S****S****,CSS010101**0,B**** A****S****,BAI010101**8,,02/06/23,0,0,0,PUE,No definido,MXN,NA,VENCIDA,NA,0,NA,NA,NA,NA,NA,NA,0,NA,NINGUNA
083BB32CF80D46FA85E283C814C637DF,NO,S**** B****F****,SBF010101**0,B**** S****M****,BSM010101**8,,02/09/23,810.84,0,810.84,PUE,No definido,MXN,NA,VENCIDA,NA,0,NA,NA,NA,NA,NA,NA,0,NA,NINGUNA
0800AE3FE777492C89669BBB30D0AC4E,NO,D**** M****L****,MAL010101**4,C**** S****S****,CSS010101**0,,18/04/23,3948.41,0,3948.41,PUE,No definido,MXN,NA,VENCIDA,NA,0,NA,NA,NA,NA,NA,NA,0,NA,NINGUNA
07809CADEA194D5DAAC39613625F73C8,NO,C**** S****S****,CSS010101**0,H**** D****P****,HDS010101**9,,15/05/23,152094.33,0,152094.33,PUE,No definido,MXN,NA,VENCIDA,NA,0,NA,NA,NA,NA,NA,NA,0,NA,NINGUNA
0647FBC05A4F400EB26064E833142592,NO,C**** S****S****,CSS010101**0,T**** H****A****,THV010101**6,,15/05/23,47265.48,0,47265.48,PUE,No definido,MXN,NA,VENCIDA,NA,0,NA,NA,NA,NA,NA,NA,0,NA,NINGUNA
063BFBD4F086463B828ABCDAB2D59065,NO,C**** S****S****,CSS010101**0,H**** A****Y****,HAA010101**1,,10/02/23,11241.4,0,11241.4,PPD,No definido,MXN,NA,VENCIDA,NA,0,NA,NA,NA,NA,NA,NA,0,NA,NINGUNA
061311E61B0645CFB35D8913C188634C,NO,M**** L****M****,MOR010101**7,C**** S****S****,CSS010101**0,,16/02/23,3111.6,0,3111.6,PUE,No definido,MXN,NA,VENCIDA,NA,0,NA,NA,NA,NA,NA,NA,0,NA,NINGUNA
05FB8FF163564A4A98F63D242321AB90,NO,C**** S****S****,CSS010101**0,B**** I****S****,BII010101**1,,02/05/23,140.94,0,140.94,PUE,No definido,MXN,NA,VENCIDA,NA,0,NA,NA,NA,NA,NA,NA,0,NA,NINGUNA
051611DD111B48F5A1D2874E0635FFE9,NO,C**** S****S****,CSS010101**0,P****,PAD010101**3,,29/09/23,2411.65,0,2411.65,PUE,No definido,MXN,NA,VENCIDA,NA,0,NA,NA,NA,NA,NA,NA,0,NA,NINGUNA
03FB10908D1956948C0988B19028C6B1,NO,C**** S****S****,CSS010101**0,I****,IZA010101**2,,02/09/23,3306,3306,0,PUE,No definido,MXN,MXN,PAGADA,1c3c6879c9c3e75d64db47c291245f62,3306,05/09/23,D****,INBURSA,0361****0956,SANTANDER,0145****7530,3306,036I****3494,VINCULACION NO CONFIRMADA
0354C635FDF64CB6B0656880D6A87D6E,NO,S**** B****F****,SBF010101**0,B**** M****S****,BBA010101**2,,01/02/23,0,0,0,PUE,No definido,MXN,NA,VENCIDA,NA,0,NA,NA,NA,NA,NA,NA,0,NA,NINGUNA
032F1C8AD2D841F0ABD0B891B3B01AC3,NO,C**** S****S****,CSS010101**0,R**** K****E****,EAS010101**3,,03/04/23,1032.75,0,1032.75,PUE,No definido,MXN,NA,VENCIDA,NA,0,NA,NA,NA,NA,NA,NA,0,NA,NINGUNA
02C691957F1648179D1815CBCF519AF7,NO,A**** I****E****,EOR010101**1,C**** S****S****,CSS010101**0,,15/09/23,3111.6,0,3111.6,PUE,No definido,MXN,NA,VENCIDA,NA,0,NA,NA,NA,NA,NA,NA,0,NA,NINGUNA
023681B8F8A24D46AEEDE83DAF582546,NO,C**** S****S****,CSS010101**0,D**** E****M****,DEM010101**9,,02/05/23,419.37,0,419.37,PUE,No definido,MXN,NA,VENCIDA,NA,0,NA,NA,NA,NA,NA,NA,0,NA,NINGUNA
02144F3BCACD48D785BA7D40428941A0,NO,C**** S****S****,CSS010101**0,L**** A****R****,ROL010101**0,,26/10/23,348,0,348,PUE,31/10/23,MXN,NA,VENCIDA,NA,0,NA,NA,NA,NA,NA,NA,0,NA,NINGUNA
01FEDADF01EE48E7A52082FE1EE177B4,NO,R**** M****T****,MOT010101**1,C**** S****S****,CSS010101**0,,05/04/23,5417.81,0,5417.81,PUE,No definido,MXN,NA,VENCIDA,NA,0,NA,NA,NA,NA,NA,NA,0,NA,NINGUNA
01718686241A53B2A2F93C42B5AD0E02,NO,S**** B****F****,SBF010101**0,S**** F****E****,SFO010101**2,,16/03/23,1506.84,1506.84,0,PUE,No definido,MXN,MXN,PAGADA,641268e571bbeb34bb57a2aa,1506.84,15/03/23,0****,BANREGIO,NA,NA,****,1506.84,NA,VINCULACIÓN CONFIRMADA
010BE0BECAB84E358CDB44DFFF180B19,NO,C**** S****S****,CSS010101**0,S**** G****A****,SGD010101**1,,29/09/23,154999.7,0,154999.7,PUE,No definido,MXN,NA,VENCIDA,NA,0,NA,NA,NA,NA,NA,NA,0,NA,NINGUNA
00920F6157094BECB1919FE525C7CA4B,NO,V**** H****M****,MOM010101**4,C**** S****S****,CSS010101**0,,01/02/23,3146.71,0,3146.71,PUE,No definido,MXN,NA,VENCIDA,NA,0,NA,NA,NA,NA,NA,NA,0,NA,NINGUNA
0058578024704DDAA4ABD81312411211,NO,C**** S****S****,CSS010101**0,T**** H****A****,THV010101**6,,31/10/23,38498.18,0,38498.18,PPD,No definido,MXN,NA,PENDIENTE,NA,0,NA,NA,NA,NA,NA,NA,0,NA,NINGUNA
0026DB6530614095960FEA4B748FE93F,NO,R**** M****T****,MOT010101**1,C**** S****S****,CSS010101**0,,16/03/23,5428.47,0,5428.47,PUE,No definido,MXN,NA,VENCIDA,NA,0,NA,NA,NA,NA,NA,NA,0,NA,NINGUNA