UUIDFactura,Nombre_Receptor,RFC_Receptor,Nombre_Emisor,RFC_Emisor,Concepto,FechaEmision,Monto,MetodoPago,Vigencia,DivisaFactura
FFEF058FDC614B61A18DAB18EF956A93,C**** S****S****,CSS010101**0,P****,PAD010101**3,,31/07/2023,2411.65,PUE,No definido,MXN
FFBC060E17B34BD0AAF8C76391129246,C**** S****S****,CSS010101**0,E**** B****T****,EBT010101**6,,16/02/2023,64297.84,PUE,No definido,MXN
FEBB10B6B67A4720B41030DCFF7CD005,C**** S****S****,CSS010101**0,H**** D****P****,HDS010101**9,,14/09/2023,62355.8,PPD,No definido,MXN
FDD4253F5278460A8C7BF45AB41F1BBD,D**** M****L****,MAL010101**4,C**** S****S****,CSS010101**0,,16/10/2023,3947.84,PUE,31/10/2023,MXN
FD4950E704BC4FFDB93BCCA48368C5FE,C**** S****S****,CSS010101**0,I**** M****D****,IMS010101**5,,27/05/2023,18006.29,PUE,No definido,MXN
FC98101020BC4F12A4DCD3A47331F6B6,C**** S****S****,CSS010101**0,T**** H****A****,THV010101**6,,31/10/2023,160404.86,PPD,No definido,MXN
FC76B25DA63141DC97249A742B24C19A,C**** S****S****,CSS010101**0,S**** G****A****,SGD010101**1,,14/07/2023,39926.24,PUE,No definido,MXN
FC5D3BE03A424143ACC54CD698A341CD,R**** M****T****,MOT010101**1,C**** S****S****,CSS010101**0,,01/02/2023,5416.36,PUE,No definido,MXN
FC299D28AF534770B592AA10D8B25E6B,C**** S****S****,CSS010101**0,G****,GLO010101**1,,06/09/2023,33621.71,PPD,No definido,MXN
FB179ADA56504C4AB3B2E93FD6038B12,S**** B****F****,SBF010101**0,S****,STE010101**8,,03/04/2023,5800,PPD,No definido,MXN
FAD67B7E769943D28550BC162F340260,C**** S****S****,CSS010101**0,H**** D****P****,HDS010101**9,,14/09/2023,114939.19,PPD,No definido,MXN
FA5E3DFDA7AA4DE48D41D12F667D937E,C**** S****S****,CSS010101**0,S**** I****S****,SIN010101**7,,12/09/2023,7840.44,PPD,No definido,MXN
FA2F89560D2D46D4A049F95F96CFE6FF,C**** S****S****,CSS010101**0,H**** D****P****,HDS010101**9,,31/10/2023,115706.98,PPD,No definido,MXN
F9CA0EF38B0546B2BBFBFEF70DE7BE75,C**** S****S****,CSS010101**0,B**** N****D****,BNM010101**1,,04/09/2023,0,PUE,No definido,MXN
F9090EFFB65E4FA89DD833EE637B3006,A**** I****E****,EOR010101**1,C**** S****S****,CSS010101**0,,08/08/2023,3111.6,PUE,No definido,MXN
F8C9A4C4E6AC411E92B531CED84BE513,C**** S****S****,CSS010101**0,I**** M****D****,IMS010101**5,,20/10/2023,8815.82,PUE,No definido,MXN
F7AFEE699FBE4D599CB2770AE263619B,J**** J****A****,AEB010101**7,C**** S****S****,CSS010101**0,,06/11/2023,5134.04,PUE,30/11/2023,MXN
F5F8195996644E9D985D76665DB79C2F,C**** S****S****,CSS010101**0,I**** M****D****,IMS010101**5,,21/09/2023,18929.3,PUE,No definido,MXN
F5ACCCCF0478402CA5C519D1B5456278,S**** B****F****,SBF010101**0,S**** D****T****,STP010101**6,,31/01/2023,4165.21,PUE,No definido,MXN
F571F3118FF2428D9E3C83ACB714B478,V**** H****M****,MOM010101**4,C**** S****S****,CSS010101**0,,31/08/2023,3111.6,PUE,No definido,MXN
F4BB3C24997A4A309F7E9E09D7902B3F,C**** S****S****,CSS010101**0,I**** M****D****,IMS010101**5,,22/01/2023,17138.38,PUE,No definido,MXN
F4A0496C56E248E3998C8D5CDB91712A,S**** B****F****,SBF010101**0,S**** D****T****,STP010101**6,,01/09/2023,3970.68,PPD,No definido,MXN
F46B3D002467458D9F93895EABF1AD80,C**** S****S****,CSS010101**0,S**** G****A****,SGD010101**1,,15/08/2023,39926.24,PUE,No definido,MXN
F1C492FA7DD7493EAFE89E16ABE06766,R**** M****T****,MOT010101**1,C**** S****S****,CSS010101**0,,03/05/2023,5428.47,PUE,No definido,MXN
F18497A5987D48F69D5644D3E19AD111,C**** S****S****,CSS010101**0,C**** G****M****,CGM010101**8,,31/08/2023,17586.91,PUE,No definido,MXN
F13B351BCB6B4A7B9FE30987B8122BDB,J**** A****R****,ROZ010101**2,C**** S****S****,CSS010101**0,,30/06/2023,5631.21,PUE,No definido,MXN
F0DAB65E127D43AB81C9562A99800347,M**** L****M****,MOR010101**7,C**** S****S****,CSS010101**0,,16/10/2023,3111.6,PUE,31/10/2023,MXN
F0A6FFF645A03B40881D7A8EE0545087,C**** S****S****,CSS010101**0,G****,GLO010101**1,,15/05/2023,39528.16,PPD,No definido,MXN
F0A23F0442A14575BB638C22498DB147,C**** S****S****,CSS010101**0,C**** C****O****,CCO010101**5,,03/11/2023,66816,PUE,30/11/2023,MXN
F01F275E816944B6ADD17C7A051FD79C,S**** B****F****,SBF010101**0,S****,STE010101**8,,02/11/2023,11600,PPD,No definido,MXN
F00EA1A6E905556B85C42F9BF4F9281F,S**** B****F****,SBF010101**0,S**** F****E****,SFO010101**2,,29/08/2023,1506.84,PUE,No definido,MXN
EFACDF8EBC764E0E88B9CC29A6C24F77,D**** M****L****,MAL010101**4,C**** S****S****,CSS010101**0,,16/08/2023,3947.84,PUE,No definido,MXN
EEB886969D7B4470BB0EEF267F552C08,R**** M****T****,MOT010101**1,C**** S****S****,CSS010101**0,,16/08/2023,5427.53,PUE,No definido,MXN
EE68D75527C243E6BF246D6489EEBF51,C**** S****S****,CSS010101**0,C**** G****M****,CGM010101**8,,05/10/2023,15688.77,PUE,31/10/2023,MXN
EDC3F62218134C288B3694C7D04E0610,C**** S****S****,CSS010101**0,T**** H****A****,THV010101**6,,14/03/2023,62112.78,PPD,No definido,MXN
ED66A7DFEAF74581B46BBA2D87F36248,C**** S****S****,CSS010101**0,I****,IUS010101**8,,15/02/2023,1740,PUE,No definido,MXN
ED64626CBB7948BFAE1EA4139D936413,M**** L****M****,MOR010101**7,C**** S****S****,CSS010101**0,,21/02/2023,2883.69,PUE,No definido,MXN
ED53877D990B4F17976FC4045EE950D2,J**** A****R****,ROZ010101**2,C**** S****S****,CSS010101**0,,16/02/2023,5631.21,PUE,No definido,MXN
EC5070666F0642D4B7972D4FC5A3CB8E,C**** S****S****,CSS010101**0,O**** C****C****,OCC010101**7,,24/01/2023,4986.84,PUE,No definido,MXN
EC4E80FA931443079DA08C115854D077,J**** J****A****,AEB010101**7,C**** S****S****,CSS010101**0,,02/10/2023,5144.06,PUE,31/10/2023,MXN
EBF4F9ABF9CB4B13A5BFA672ACC484EB,D**** M****L****,MAL010101**4,C**** S****S****,CSS010101**0,,31/05/2023,3941.14,PUE,No definido,MXN
EBC772380F284758A5B57D124158ED38,C**** S****S****,CSS010101**0,D**** E****M****,DEM010101**9,,01/02/2023,515.77,PUE,No definido,MXN
EB5FC81F74494DEAB6BE81026C4D5E7A,C**** S****S****,CSS010101**0,B**** A****S****,BAI010101**8,,03/07/2023,0,PUE,No definido,MXN
EB0A0EB1C71543139B6A3CC0A6B788F7,D**** M****L****,MAL010101**4,C**** S****S****,CSS010101**0,,02/10/2023,3947.84,PUE,31/10/2023,MXN
EAD77FBF2E3453E7A5F66A8DF41B123C,C**** S****S****,CSS010101**0,I****,IZA010101**2,,02/11/2023,3306,PUE,30/11/2023,MXN
EABF385D1C4643469BF550E7C81D1DFE,J**** J****A****,AEB010101**7,C**** S****S****,CSS010101**0,,16/06/2023,5144.06,PUE,No definido,MXN
EA1B87F1328A4A5AA7AAEF6D294C9620,C**** S****S****,CSS010101**0,S**** G****A****,SGD010101**1,,14/09/2023,39926.24,PPD,No definido,MXN
E9FAFA5BB3544C958DA699D4892BF5AF,J**** J****A****,AEB010101**7,C**** S****S****,CSS010101**0,,16/03/2023,5144.72,PUE,No definido,MXN
E9883CB44D9F4747B388721881556085,R**** M****T****,MOT010101**1,C**** S****S****,CSS010101**0,,15/07/2023,5427.53,PUE,No definido,MXN
E85CE04673304BAC907ED13DBDDE4EC6,C**** S****S****,CSS010101**0,S**** G****A****,SGD010101**1,,29/06/2023,6177,PUE,No definido,MXN
E849CE299FBD5CF59E328F947672B1DE,S**** B****F****,SBF010101**0,S**** F****E****,SFO010101**2,,12/05/2023,1506.84,PUE,No definido,MXN
E7AAC2B4436841EEB41C701F142858C1,C**** S****S****,CSS010101**0,T**** H****A****,THV010101**6,,31/07/2023,148659.28,PUE,No definido,MXN
E784078122CB4385AB70979333C36315,C**** S****S****,CSS010101**0,H**** A****Y****,HAA010101**1,,13/03/2023,11241.4,PPD,No definido,MXN
E77374CD3EBB438BAF8AE8DDEBB0529C,J**** J****A****,AEB010101**7,C**** S****S****,CSS010101**0,,16/01/2023,5143.37,PUE,No definido,MXN
E759B481FBFC4B508201426186426B19,M**** L****M****,MOR010101**7,C**** S****S****,CSS010101**0,,31/08/2023,3111.6,PUE,No definido,MXN
E731413B3363406BB58604702DBA7C10,C**** S****S****,CSS010101**0,T**** T****S****,TTS010101**9,,30/08/2023,107184,PUE,No definido,MXN
E6DC2327E0D441D1B7E4015D251CB93C,C**** S****S****,CSS010101**0,T**** H****A****,THV010101**6,,14/07/2023,226850.25,PUE,No definido,MXN
E62A39549F7D48DC98A89E7183AAB978,C**** S****S****,CSS010101**0,T**** H****A****,THV010101**6,,15/06/2023,250087.18,PUE,No definido,MXN
E5C449677A7A4014B4A7AEBBD675E1A6,C**** S****S****,CSS010101**0,J**** A****A****,AUV010101**4,,05/05/2023,5224,PUE,No definido,MXN
E4B31BFF600D4344878A6BDC8570B4E6,D**** M****L****,MAL010101**4,C**** S****S****,CSS010101**0,,17/02/2023,3813.32,PUE,No definido,MXN
E21FD0EB745E47CAB4EF513BBFD45401,C**** S****S****,CSS010101**0,H**** D****P****,HDS010101**9,,29/09/2023,62355.8,PUE,No definido,MXN
E1BE27D102284A588144E1CB30CCA3DB,C**** S****S****,CSS010101**0,P****,PAD010101**3,,31/10/2023,2411.65,PPD,No definido,MXN
E138A0977AF44E5A968E8760729BA9D5,C**** S****S****,CSS010101**0,T**** H****A****,THV010101**6,,15/05/2023,36488.01,PUE,No definido,MXN
E0672D8273124BD9A6F6C1478A07C271,C**** S****S****,CSS010101**0,I**** M****D****,IMS010101**5,,22/03/2023,17678.48,PUE,No definido,MXN
DFFA8FBA368C49A2BE8E4402E3653D0D,C**** S****S****,CSS010101**0,S**** G****A****,SGD010101**1,,29/09/2023,39926.24,PUE,No definido,MXN
DF45A1B8D4524B00AE7DC3B7E81C0A0E,C**** S****S****,CSS010101**0,H**** D****P****,HDS010101**9,,29/06/2023,62344.79,PUE,No definido,MXN
DEEC5E7A29B040A68D1F24FD571CA93C,C**** S****S****,CSS010101**0,F**** A****M****,AUM010101**0,,13/10/2023,26020.83,PUE,31/10/2023,MXN
DE19A19B818B4C838207F667BBD00BD9,D**** M****L****,MAL010101**4,C**** S****S****,CSS010101**0,,08/08/2023,3940.53,PUE,No definido,MXN
DD99E986B34541D885DD64383BF70A12,M**** L****M****,MOR010101**7,C**** S****S****,CSS010101**0,,28/02/2023,3111.6,PUE,No definido,MXN
DD5651A384F9409694AFB3FD41FF5E22,C**** S****S****,CSS010101**0,I****,IZA010101**2,,01/04/2023,2201.1,PPD,No definido,MXN
DD475FFEBE3A4707873EE0458083996B,S**** B****F****,SBF010101**0,B**** M****S****,BBA010101**2,,01/03/2023,0,PUE,No definido,MXN
DC781A4BBFBC4B638758BF2D42CBE63B,C**** S****S****,CSS010101**0,C**** I****G****,GUF010101**1,,29/03/2023,4950,PUE,No definido,MXN
DB508606D19148FE8B2ECCD25408FA3A,C**** S****S****,CSS010101**0,G****,GLO010101**1,,13/10/2023,33621.82,PPD,No definido,MXN
D8FB67D96ED749F088918E93475B809C,C**** S****S****,CSS010101**0,C**** G****M****,CGM010101**8,,13/10/2023,36855.08,PUE,No definido,MXN
D73C35F387B94BD498248F89C3073B97,C**** S****S****,CSS010101**0,S**** G****A****,SGD010101**1,,15/05/2023,39934.29,PPD,No definido,MXN
D62ABBD8301B49E2B5409EDD9E887DF6,J**** A****R****,ROZ010101**2,C**** S****S****,CSS010101**0,,17/02/2023,5077.18,PUE,No definido,MXN
D5C461AB5D5443B289F980BF746956BB,C**** S****S****,CSS010101**0,D**** E****M****,DEM010101**9,,07/11/2023,751.55,PUE,30/11/2023,MXN
D577A7CA172B42A494BE932AD87779B5,C**** S****S****,CSS010101**0,S**** G****A****,SGD010101**1,,17/07/2023,1853.1,PUE,No definido,MXN
D5412B6FB77449EDB6D5CF946F8276EE,C**** S****S****,CSS010101**0,S**** G****A****,SGD010101**1,,15/03/2023,6177,PUE,No definido,MXN
D495F294D6DE4D268CA54A2F2BE6C86C,C**** S****S****,CSS010101**0,"""**** D****G****",AGE010101**5,,25/08/2023,1833.68,PUE,No definido,MXN
D4863EACF26F404BA946FBAC9A1FAF99,C**** S****S****,CSS010101**0,B**** A****S****,BAI010101**8,,02/01/2023,0,PUE,No definido,MXN
D3F2923042114181B5ACF26FC67F0050,C**** S****S****,CSS010101**0,H**** D****P****,HDS010101**9,,14/04/2023,56888.21,PUE,No definido,MXN
D3A218E742BC44B69641B705C713F160,J**** J****A****,AEB010101**7,C**** S****S****,CSS010101**0,,30/06/2023,5144.06,PUE,No definido,MXN
D31BD485008F4E338F072271AEF99686,S**** B****F****,SBF010101**0,S**** D****T****,STP010101**6,,03/05/2023,4172.4,PPD,No definido,MXN
D2E58CDBD4BA4173AE6266AEF287447A,C**** S****S****,CSS010101**0,H**** D****P****,HDS010101**9,,31/07/2023,63025.4,PUE,No definido,MXN
D2AFB2037DD940369507A14914D915F9,J**** J****A****,AEB010101**7,C**** S****S****,CSS010101**0,,16/05/2023,5144.72,PUE,No definido,MXN
D2A83B662C9D4E9F9953810518BB34F7,D**** M****L****,MAL010101**4,C**** S****S****,CSS010101**0,,01/02/2023,3940,PUE,No definido,MXN
D2846864214740A89FC9F5802FD5600F,C**** S****S****,CSS010101**0,G****,GLO010101**1,,27/10/2023,2842,PPD,No definido,MXN
D1CA6682076D4916BCF7841A31D7B159,V**** H****M****,MOM010101**4,C**** S****S****,CSS010101**0,,15/09/2023,3111.6,PUE,No definido,MXN
D1AA60496E8948EB93D86A711E8B6A70,V**** H****M****,MOM010101**4,C**** S****S****,CSS010101**0,,16/10/2023,3111.6,PUE,31/10/2023,MXN
D1897E75B6304B1D8BC9CE47C80451CB,C**** S****S****,CSS010101**0,T**** T****S****,TTS010101**9,,16/08/2023,23065.09,PUE,No definido,MXN
CFDEABA63B0D47D8AAD1380FFB6EA234,C**** S****S****,CSS010101**0,B**** I****S****,BII010101**1,,02/11/2023,224.46,PUE,30/11/2023,MXN
CFA23D88A1ED40A8A8954BA839BB394E,C**** S****S****,CSS010101**0,H**** D****P****,HDS010101**9,,12/10/2023,62355.8,PPD,No definido,MXN
CE6AC4F82CC84C47A68F274EBDF52E93,C**** S****S****,CSS010101**0,J**** A****A****,AUV010101**4,,05/05/2023,5224,PUE,No definido,MXN
CD1733B3D5B64A67BB7B772B86FD41EC,C**** S****S****,CSS010101**0,B**** A****S****,BAI010101**8,,06/02/2023,0,PUE,No definido,MXN
CCC9C4B793FD47688055831100DC2B44,C**** S****S****,CSS010101**0,R**** A****D****,RAD010101**2,,15/10/2023,2072.63,PUE,31/10/2023,MXN
CBC3B5274CA04CB88B6DBC7EE6BE2F8D,V**** H****M****,MOM010101**4,C**** S****S****,CSS010101**0,,08/08/2023,3111.6,PUE,No definido,MXN
CA227BEACD8A4ACEB335A581BBDD9BF8,S**** B****F****,SBF010101**0,B**** S****M****,BSM010101**8,,01/04/2023,810.84,PUE,No definido,MXN
C9F39E1076F44B7D8354C20B6F98251E,D**** M****L****,MAL010101**4,C**** S****S****,CSS010101**0,,03/05/2023,3948.41,PUE,No definido,MXN
C90CF16D57BC43DBB41940E0C5BB28D5,C**** S****S****,CSS010101**0,S**** G****A****,SGD010101**1,,31/07/2023,40244.26,PUE,No definido,MXN
C7F1E848A1064DBCADC3D5A8090CEFC5,C**** S****S****,CSS010101**0,B**** I****S****,BII010101**1,,04/03/2023,167.04,PUE,No definido,MXN
C7D1F57A741C4F4DB7F243B4D1811F1D,R**** M****T****,MOT010101**1,C**** S****S****,CSS010101**0,,18/04/2023,5428.47,PUE,No definido,MXN
C6BEA50E16F74EEF84D20A2AF082D69E,C**** S****S****,CSS010101**0,I**** M****D****,IMS010101**5,,21/04/2023,9095.67,PUE,No definido,MXN
C67BF0750B0B47E38F7B8F7A54A0241B,C**** S****S****,CSS010101**0,I**** Y****C****,ICJ010101**A,,03/11/2023,16588,PUE,30/11/2023,MXN
C4F7D9AE564149FBAD5B451F868B259F,D**** M****L****,MAL010101**4,C**** S****S****,CSS010101**0,,16/02/2023,3948.41,PUE,No definido,MXN
C387BBAA44794C8CABCE8E6D98281531,C**** S****S****,CSS010101**0,T**** H****A****,THV010101**6,,16/05/2023,24708,PUE,No definido,MXN
C338289AE1424A79959F9432AE9A68D9,C**** S****S****,CSS010101**0,B**** N****D****,BNM010101**1,,03/03/2023,0,PUE,No definido,MXN
C329C20F08194B43BAA91ABF8349C090,C**** S****S****,CSS010101**0,C**** C****O****,CCO010101**5,,31/08/2023,66816,PUE,No definido,MXN
C1DF99214DAC4DD888CC5B3060E78977,C**** S****S****,CSS010101**0,T**** H****A****,THV010101**6,,31/01/2023,46991.63,PUE,No definido,MXN
C1343EBE323E41749AC8F32B2C59BAEC,C**** S****S****,CSS010101**0,I**** Y****C****,ICJ010101**A,,29/09/2023,11952.64,PUE,No definido,MXN
C0F002616B2A4A8683618C83406637AA,D**** M****L****,MAL010101**4,C**** S****S****,CSS010101**0,,06/11/2023,3940.53,PUE,30/11/2023,MXN
C079669CA0C04CFB8F4E0DB5D6B1C2B8,J**** J****A****,AEB010101**7,C**** S****S****,CSS010101**0,,28/02/2023,5164.68,PUE,No definido,MXN
C069116620CE4FE6BDFB8FBFFF8455D2,C**** S****S****,CSS010101**0,P****,PAD010101**3,,30/08/2023,2411.65,PUE,No definido,MXN
BFF87D17850B4D7C861992533A5CFAFC,C**** S****S****,CSS010101**0,G****,GLO010101**1,,06/11/2023,1641.4,PPD,No definido,MXN
BF6CC76F4D2B46A58A5FB19A7292B4C1,C**** S****S****,CSS010101**0,G****,GLO010101**1,,14/07/2023,34905.94,PPD,No definido,MXN
BF04D4AE52054AC6B141F178A132D130,C**** S****S****,CSS010101**0,O**** C****C****,OCC010101**7,,26/10/2023,4986.84,PUE,No definido,MXN
BCF2A4DD8B5E47229279ACBBAD3F95EE,C**** S****S****,CSS010101**0,P****,PAD010101**3,,29/06/2023,2177.04,PUE,No definido,MXN
BCEDA4B72BB041F4B092AE5C6852BCE0,J**** A****R****,ROZ010101**2,C**** S****S****,CSS010101**0,,16/06/2023,5631.21,PUE,No definido,MXN
BAECDEC0D22945618E7B0515707A389E,A**** I****E****,EOR010101**1,C**** S****S****,CSS010101**0,,31/05/2023,3111.6,PUE,No definido,MXN
BA9F42EED10143BC94B8B0152F3BF54B,C**** S****S****,CSS010101**0,T**** H****A****,THV010101**6,,15/08/2023,155062.7,PUE,No definido,MXN
BA92DB3E1A344C8CAC95C7A735872C50,C**** S****S****,CSS010101**0,G****,GLO010101**1,,06/09/2023,34482.54,PPD,No definido,MXN
B9DBB6D2D99046A4B2D5E0A0B04710D7,A**** I****E****,EOR010101**1,C**** S****S****,CSS010101**0,,18/04/2023,3111.6,PUE,No definido,MXN
B9A6CE5F59E3473690A6A91324CA5AF3,M**** L****M****,MOR010101**7,C**** S****S****,CSS010101**0,,15/07/2023,829.76,PUE,No definido,MXN
B94FBE544433413DA54FF5E3EC5BDA45,C**** S****S****,CSS010101**0,C**** &****C****,CAC010101**3,,03/11/2023,54256.71,PUE,30/11/2023,MXN
B7FCA1EAC8224FCEBA5ADB486736276E,C**** S****S****,CSS010101**0,S**** G****A****,SGD010101**1,,15/03/2023,16491.13,PUE,No definido,MXN
B7BCB617CBBB4D11AD6BAF80D5309083,C**** S****S****,CSS010101**0,T**** E****E****,TEE010101**0,,29/06/2023,125224.71,PUE,No definido,MXN
B6F8FBCF36C5467594244E8FAAF4EDD8,V**** H****M****,MOM010101**4,C**** S****S****,CSS010101**0,,28/02/2023,3111.6,PUE,No definido,MXN
B6C5EB9799A14D01B588E5BA245FEA9C,M**** L****M****,MOR010101**7,C**** S****S****,CSS010101**0,,16/05/2023,0,PUE,No definido,MXN
B5E7473F64FF461287B841451DA27AA6,C**** S****S****,CSS010101**0,D**** L****G****,GAC010101**2,,08/06/2023,95333.3,PUE,No definido,MXN
B5B0AEC7F1D64DAFAAB04552F4B432E4,A**** I****E****,EOR010101**1,C**** S****S****,CSS010101**0,,30/06/2023,3111.6,PUE,No definido,MXN
B4F708C0D1FD4B4EA1666703BDBFFBA1,C**** S****S****,CSS010101**0,T**** H****A****,THV010101**6,,31/10/2023,20402.71,PPD,No definido,MXN
B4BB5535511D4C10928BAB504DEA4B7A,C**** S****S****,CSS010101**0,T**** H****A****,THV010101**6,,14/04/2023,47265.48,PUE,No definido,MXN
B472DEED2CCF5300B360A87DD237303B,C**** S****S****,CSS010101**0,I****,IZA010101**2,,03/08/2023,3306,PPD,No definido,MXN
B34265502F344510A7E7BA7958172079,C**** S****S****,CSS010101**0,B**** N****D****,BNM010101**1,,02/08/2023,568.4,PUE,No definido,MXN
B2FB8130E41B4CD4B319A7064E223FEA,M**** L****M****,MOR010101**7,C**** S****S****,CSS010101**0,,18/04/2023,3111.6,PUE,No definido,MXN
B2CA091BEDBF43A8B6895B4D6B7904F3,C**** S****S****,CSS010101**0,T**** H****A****,THV010101**6,,15/03/2023,29000.23,PUE,No definido,MXN
B215D52835D04106BED458C43983B301,C**** S****S****,CSS010101**0,T**** H****A****,THV010101**6,,30/08/2023,20402.71,PUE,No definido,MXN
B2074CEC843A419A82A4A8B1BB74F5C9,C**** S****S****,CSS010101**0,F**** A****M****,AUM010101**0,,28/10/2023,34694.42,PUE,31/10/2023,MXN
B18E2BF3EBE94F6EA65A9879FCD0E6C3,C**** S****S****,CSS010101**0,S**** G****A****,SGD010101**1,,14/04/2023,83389.5,PUE,No definido,MXN
B0DBB5CE16884931B5A5A179A0D34F7E,V**** H****M****,MOM010101**4,C**** S****S****,CSS010101**0,,21/02/2023,2825.79,PUE,No definido,MXN
B0792A06732D4186811228669EF4EFA5,C**** S****S****,CSS010101**0,T**** H****A****,THV010101**6,,31/01/2023,267726.9,PUE,No definido,MXN
B03C4FCB4B96458CAFEE051B5A842884,C**** S****S****,CSS010101**0,R**** K****E****,EAS010101**3,,06/06/2023,516.37,PUE,No definido,MXN
B0042C62388247FEBB844D8C5913A6AB,S**** B****F****,SBF010101**0,S****,STE010101**8,,04/07/2023,5800,PPD,No definido,MXN
AF2CBBEB2C54414AA4F5019CAEE463C5,A**** I****E****,EOR010101**1,C**** S****S****,CSS010101**0,,15/07/2023,3111.6,PUE,No definido,MXN
AD23B4DCE90A4E748185A6F4565DD3A8,J**** A****R****,ROZ010101**2,C**** S****S****,CSS010101**0,,05/04/2023,5620.07,PUE,No definido,MXN
ACD290EE6CDB49C9A5BA99964272B9C2,A**** I****E****,EOR010101**1,C**** S****S****,CSS010101**0,,31/08/2023,3111.6,PUE,No definido,MXN
AB653E20DC2B4271AD1969A0B23A8F9E,R**** M****T****,MOT010101**1,C**** S****S****,CSS010101**0,,06/11/2023,5416.81,PUE,30/11/2023,MXN
AAB5B775CE4945E6AF63B414BE436286,J**** J****A****,AEB010101**7,C**** S****S****,CSS010101**0,,01/02/2023,5133.3,PUE,No definido,MXN
A9D70D1366EA41B4886CDD10EE4F1234,C**** S****S****,CSS010101**0,S**** G****A****,SGD010101**1,,14/04/2023,39934.29,PUE,No definido,MXN
A938D2D12D8C467EBBFB3C65F7DECEFB,C**** S****S****,CSS010101**0,H**** A****Y****,HAA010101**1,,16/10/2023,11241.4,PPD,No definido,MXN
A8B0E7A0709E43859FD794111421BD1E,C**** S****S****,CSS010101**0,S**** G****A****,SGD010101**1,,15/06/2023,24708,PUE,No definido,MXN
A817036582BC48BAB1A57AF7DD0A6266,A**** I****E****,EOR010101**1,C**** S****S****,CSS010101**0,,06/11/2023,3111.6,PUE,30/11/2023,MXN
A729AF68A2474A63B811694E3A03AB81,S**** B****F****,SBF010101**0,B**** S****M****,BSM010101**8,,29/04/2023,810.84,PUE,No definido,MXN
A6F6283A0CFF4267B06E1D8DE4B237B6,C**** S****S****,CSS010101**0,F**** A****M****,AUM010101**0,,08/11/2023,52041.65,PUE,30/11/2023,MXN
A611515D48414AA9B1466FE7C513CA4C,S**** B****F****,SBF010101**0,B**** S****M****,BSM010101**8,,02/06/2023,810.84,PUE,No definido,MXN
A609C3A6E525461FBD37330B69E9D78F,C**** S****S****,CSS010101**0,C**** G****M****,CGM010101**8,,25/10/2023,14505.54,PUE,No definido,MXN
A3F7FD8AD632553C99C41F3BD1F2696E,C**** S****S****,CSS010101**0,I****,IZA010101**2,,16/05/2023,3306,PUE,No definido,MXN
A2CE366116CF4145B4364F772817BC88,C**** S****S****,CSS010101**0,B**** I****S****,BII010101**1,,05/04/2023,172.26,PUE,No definido,MXN
A1B6D49F434E484089552BEC5CDA620A,C**** S****S****,CSS010101**0,B**** I****S****,BII010101**1,,02/10/2023,182.7,PUE,31/10/2023,MXN
A11FBE177C0A4AF4B9E2DB07FEC0F8CD,J**** J****A****,AEB010101**7,C**** S****S****,CSS010101**0,,31/08/2023,5134.04,PUE,No definido,MXN
A0D99A8EAA2E44B6A78F7262FB7D47DE,C**** S****S****,CSS010101**0,S**** G****A****,SGD010101**1,,15/06/2023,39934.3,PUE,No definido,MXN
A08955B937BF45BE80686B69EC0D61A1,C**** S****S****,CSS010101**0,H**** D****P****,HDS010101**9,,29/09/2023,114939.19,PUE,No definido,MXN
A06D058D58984D5AB9BB3CE09F306C3B,D**** M****L****,MAL010101**4,C**** S****S****,CSS010101**0,,16/01/2023,3947.35,PUE,No definido,MXN
A01D6309A0564847A197885909C3ACA2,C**** S****S****,CSS010101**0,D**** E****M****,DEM010101**9,,21/02/2023,667.31,PUE,No definido,MXN
A00D2FD2C495437D81E02F2A2BB7AF8C,C**** S****S****,CSS010101**0,I**** M****D****,IMS010101**5,,21/07/2023,16876.19,PUE,No definido,MXN
9FD729C6BC5B4E78B5249746575CF0B5,C**** S****S****,CSS010101**0,"""**** D****G****",AGE010101**5,,25/08/2023,1758.26,PUE,No definido,MXN
9F72E614C44B49F8B6B1FD7D6C1BA8FE,C**** S****S****,CSS010101**0,B**** N****D****,BNM010101**1,,02/02/2023,0,PUE,No definido,MXN
9F435E72F3AB4DA8AA0078BCE9A2DFFC,C**** S****S****,CSS010101**0,H**** D****P****,HDS010101**9,,15/06/2023,114983.02,PUE,No definido,MXN
9F2A276A62B34C6D83FCEB4D069D221F,V**** H****M****,MOM010101**4,C**** S****S****,CSS010101**0,,16/03/2023,3111.6,PUE,No definido,MXN
9E7662121A0744D4912BEC8B6648F0D5,J**** A****R****,ROZ010101**2,C**** S****S****,CSS010101**0,,28/02/2023,5653.51,PUE,No definido,MXN
9E40386C211E454494BD73D19DE07E67,C**** S****S****,CSS010101**0,H**** D****P****,HDS010101**9,,15/08/2023,114927.03,PUE,No definido,MXN
9DFFBBF3D64742E08EC7BBF9A3EA1F62,C**** S****S****,CSS010101**0,T****,6.71E+08,,23/03/2023,1919,PUE,No definido,MXN
9D756F6F50CE4517BFA6EAEC60BA7620,M**** L****M****,MOR010101**7,C**** S****S****,CSS010101**0,,06/11/2023,3111.6,PUE,30/11/2023,MXN
9D5D1157E5204179818C1C1150F628CE,C**** S****S****,CSS010101**0,H**** D****P****,HDS010101**9,,29/06/2023,114926.87,PUE,No definido,MXN
9D18B2EE57AF4E84BC1450EB6D3F2A2F,C**** S****S****,CSS010101**0,E**** A****R****,ROE010101**2,,30/01/2023,3597.67,PUE,No definido,MXN
9C7C885CC4C14EDD972220AB1A2A32E9,S**** B****F****,SBF010101**0,S****,STE010101**8,,01/09/2023,5800,PPD,No definido,MXN
9C2E9F66D9164B00A6A1CF533E2840B0,D**** M****L****,MAL010101**4,C**** S****S****,CSS010101**0,,15/07/2023,3948.41,PUE,No definido,MXN
9C2D093D5E054D1EB31C7E81AECDAC97,A**** I****E****,EOR010101**1,C**** S****S****,CSS010101**0,,21/02/2023,2825.88,PUE,No definido,MXN
9C2CF4B65C174D3AB236CE53ECC96ADB,R**** M****T****,MOT010101**1,C**** S****S****,CSS010101**0,,31/08/2023,5416.81,PUE,No definido,MXN
9BA8F1BE1C0648D184646F76429B363D,C**** S****S****,CSS010101**0,E**** A****R****,ROE010101**2,,02/06/2023,885,PUE,No definido,MXN
9B840AF7A45B444395D422B4358AC565,C**** S****S****,CSS010101**0,T**** H****A****,THV010101**6,,14/09/2023,150758.56,PPD,No definido,MXN
9AEBE7B2D4464F9583B00E4C105BE77D,M**** L****M****,MOR010101**7,C**** S****S****,CSS010101**0,,02/10/2023,3111.6,PUE,31/10/2023,MXN
9AB2FFC991FF4A149DA60763A08D3F51,C**** S****S****,CSS010101**0,H**** D****P****,HDS010101**9,,15/08/2023,62344.79,PUE,No definido,MXN
9A921D5A3490403C9CC1467CD5B6EE2E,S**** B****F****,SBF010101**0,B**** S****M****,BSM010101**8,,30/09/2023,810.84,PUE,No definido,MXN
9A73AB3F2FAE4ECFBC173ABD664367C8,S**** B****F****,SBF010101**0,S**** D****T****,STP010101**6,,10/02/2023,4164.28,PUE,No definido,MXN
9A53B3997F3247EBA5946CC05BC8AE2C,C**** S****S****,CSS010101**0,D**** L****G****,GAC010101**2,,30/03/2023,69636.21,PUE,No definido,MXN
991AC4F574294829AF975D1CEF48DE83,C**** S****S****,CSS010101**0,G****,GLO010101**1,,28/03/2023,41239.16,PPD,No definido,MXN
98C8420903314864AD7FAF3AD1DC565A,C**** S****S****,CSS010101**0,C**** S****Y****,CSS010101**0,,19/09/2023,56840,PUE,No definido,MXN
9864B7C165E04ECA92A180910B04F79B,V**** H****M****,MOM010101**4,C**** S****S****,CSS010101**0,,05/04/2023,3111.6,PUE,No definido,MXN
981D0DFA258142D198BE8914208EFBD1,J**** A****R****,ROZ010101**2,C**** S****S****,CSS010101**0,,16/01/2023,5629.86,PUE,No definido,MXN
97D95E9FBD734E559D61D5400199F8D3,C**** S****S****,CSS010101**0,T**** T****S****,TTS010101**9,,29/06/2023,87580,PUE,No definido,MXN
97D35976BC6841C5999656A538C30802,A**** I****E****,EOR010101**1,C**** S****S****,CSS010101**0,,03/05/2023,3111.6,PUE,No definido,MXN
979D5AED14D549C0BC62D5DB4922B960,A**** I****E****,EOR010101**1,C**** S****S****,CSS010101**0,,16/03/2023,3111.6,PUE,No definido,MXN
978A89401CA5404E884A65A51F61D809,C**** S****S****,CSS010101**0,T**** H****A****,THV010101**6,,30/08/2023,154227.87,PUE,No definido,MXN
9789AE4C7CF44072B427727A19376495,V**** H****M****,MOM010101**4,C**** S****S****,CSS010101**0,,16/05/2023,3111.6,PUE,No definido,MXN
976CB3F8B9FE456BAC663BDE551764EE,J**** A****R****,ROZ010101**2,C**** S****S****,CSS010101**0,,31/08/2023,5619.82,PUE,No definido,MXN
971E46D7A69243EFBDCE0F7B9BEE5388,J**** J****A****,AEB010101**7,C**** S****S****,CSS010101**0,,08/08/2023,5134.04,PUE,No definido,MXN
9680C5A0CD9F496A842B0B25BF9250B4,C**** S****S****,CSS010101**0,M****,MCO010101**2,,03/05/2023,4756,PUE,No definido,MXN
965810860DF857F1A008AB03322745D5,S**** B****F****,SBF010101**0,S**** F****E****,SFO010101**2,,10/04/2023,1506.84,PUE,No definido,MXN
9549D6DF02BC401E800425748190FE60,A**** I****E****,EOR010101**1,C**** S****S****,CSS010101**0,,01/02/2023,3146.71,PUE,No definido,MXN
9473DFC7C57C4D8B87EE5DF94552C9E1,S**** B****F****,SBF010101**0,S****,STE010101**8,,05/10/2023,5800,PPD,No definido,MXN
9382CD8DE45E428385F3C09F5E6B6955,C**** S****S****,CSS010101**0,T**** H****A****,THV010101**6,,14/07/2023,34655.05,PUE,No definido,MXN
932713A2CBEA43129AA651838FD18442,C**** S****S****,CSS010101**0,C**** G****M****,CGM010101**8,,07/09/2023,21112,PUE,No definido,MXN
927593D87A584FFE8C0B733523CA95F6,C**** S****S****,CSS010101**0,H**** A****Y****,HAA010101**1,,19/07/2023,11241.4,PPD,No definido,MXN
91F37185615646B5A96DD348E3B24C26,J**** A****R****,ROZ010101**2,C**** S****S****,CSS010101**0,,03/05/2023,5631.21,PUE,No definido,MXN
91892E8B0F484EC78D2C1C9D852127E8,C**** S****S****,CSS010101**0,S**** G****A****,SGD010101**1,,15/05/2023,101920.5,PPD,No definido,MXN
8FF2C67EB4BB441AA09C9E6625DEC1CE,V**** H****M****,MOM010101**4,C**** S****S****,CSS010101**0,,15/07/2023,3111.6,PUE,No definido,MXN
8FC6D7F52EA343C6A3E7031678512C91,D**** M****L****,MAL010101**4,C**** S****S****,CSS010101**0,,30/06/2023,3948.41,PUE,No definido,MXN
8F95FE8BE165401EA0CE8A285C879C28,C**** S****S****,CSS010101**0,T**** H****A****,THV010101**6,,15/03/2023,47265.46,PUE,No definido,MXN
8F7C46CA07F94097B2A651FE4FC1C5DD,C**** S****S****,CSS010101**0,T**** H****A****,THV010101**6,,12/10/2023,20248.83,PPD,No definido,MXN
8E393F13AC364213837DC717AEF7D9CC,C**** S****S****,CSS010101**0,G****,GLO010101**1,,17/02/2023,5898.6,PPD,No definido,MXN
8D7D1CAA3FBB4C188A2B404606CE238D,C**** S****S****,CSS010101**0,G****,GLO010101**1,,10/02/2023,34603.96,PPD,No definido,MXN
8D30A30B8D504DB2ADF883F95272976C,D**** M****L****,MAL010101**4,C**** S****S****,CSS010101**0,,16/03/2023,3948.41,PUE,No definido,MXN
8CDCF81D44A645E19996BDAB1341FE0F,C**** S****S****,CSS010101**0,F**** J****H****,1.91E+14,,23/03/2023,15000,PUE,No definido,MXN
8BDAFFE15DCC414592C4219251A59EB2,C**** S****S****,CSS010101**0,R**** K****E****,EAS010101**3,,25/05/2023,688.5,PUE,No definido,MXN
8AF155CF25434856AC87E0CAD7A13803,S**** B****F****,SBF010101**0,S****,STE010101**8,,02/05/2023,5800,PPD,No definido,MXN
8AC7B713098B44928830890B8D3AB483,C**** S****S****,CSS010101**0,T**** T****S****,TTS010101**9,,15/08/2023,100143.12,PUE,No definido,MXN
89C13682FAC44B97943AD3BEB96233EA,C**** S****S****,CSS010101**0,C**** S****Y****,CSS010101**0,,29/09/2023,102080,PUE,No definido,MXN
89AB1DD30BCF40D382B19327B3DB40AD,S**** B****F****,SBF010101**0,S****,STE010101**8,,04/08/2023,5800,PPD,No definido,MXN
89AA801B99AE4016880085005D1F12AA,C**** S****S****,CSS010101**0,H**** A****Y****,HAA010101**1,,17/04/2023,4814,PPD,No definido,MXN
87C68F25F850441699F3AE987575C7E1,C**** S****S****,CSS010101**0,H**** A****Y****,HAA010101**1,,13/06/2023,11241.4,PPD,No definido,MXN
85E5F4BD1AD749828D5497D5B0767629,C**** S****S****,CSS010101**0,T**** T****S****,TTS010101**9,,07/09/2023,13688,PUE,No definido,MXN
85D81374A0344D368D25530643280212,C**** S****S****,CSS010101**0,J**** R****B****,BAM010101**9,,09/08/2023,731,PUE,No definido,MXN
856F5F8C8A7B42AE8AC54777E50D69D2,R**** M****T****,MOT010101**1,C**** S****S****,CSS010101**0,,31/05/2023,5417.81,PUE,No definido,MXN
84DE5448A7864BB9A3616D37B56F21F3,S**** B****F****,SBF010101**0,B**** S****M****,BSM010101**8,,01/07/2023,810.84,PUE,No definido,MXN
8496B3A10FFA43AE96746F558988AA10,J**** A****R****,ROZ010101**2,C**** S****S****,CSS010101**0,,18/04/2023,5631.21,PUE,No definido,MXN
8311372E799D49B8982DB35F42A04339,A**** I****E****,EOR010101**1,C**** S****S****,CSS010101**0,,16/08/2023,3111.6,PUE,No definido,MXN
830229ED241D4D7ABFD04EAD9960D98D,C**** S****S****,CSS010101**0,T**** H****A****,THV010101**6,,29/06/2023,24627.72,PUE,No definido,MXN
8297E8DEF4F34B2694BDDDAB12D9AFE4,D**** M****L****,MAL010101**4,C**** S****S****,CSS010101**0,,31/08/2023,3940.53,PUE,No definido,MXN
826D998AB8CB419597B8AB1AFBAA9AD2,C**** S****S****,CSS010101**0,T**** H****A****,THV010101**6,,14/09/2023,34655.05,PPD,No definido,MXN
81D3B12A45A24A0FB2CA167CA60347D2,C**** S****S****,CSS010101**0,T**** H****A****,THV010101**6,,12/10/2023,160356.39,PPD,No definido,MXN
81797FB0FAF94695AB6754E3201E63E3,M**** L****M****,MOR010101**7,C**** S****S****,CSS010101**0,,31/05/2023,0,PUE,No definido,MXN
80F1A3FFAE7743EE8F4EEAEE567806DF,C**** S****S****,CSS010101**0,P****,PAD010101**3,,15/03/2023,2411.65,PUE,No definido,MXN
80A15F54A8C94D41962E69F9E4AE8F9B,C**** S****S****,CSS010101**0,G****,GLO010101**1,,13/06/2023,3282.8,PPD,No definido,MXN
80282FC25CDC4686920F927627067922,C**** S****S****,CSS010101**0,D**** E****M****,DEM010101**9,,01/02/2023,732.38,PUE,No definido,MXN
7F5A19FC6ED143B1A2D4A6D575E312B7,C**** S****S****,CSS010101**0,B**** I****S****,BII010101**1,,02/09/2023,208.8,PUE,No definido,MXN
7F3CE43B253E43DD9AB7DE0AE5C61A2E,S**** B****F****,SBF010101**0,S**** D****T****,STP010101**6,,04/07/2023,4158.95,PPD,No definido,MXN
7ED940989AAA46BE9212B1F3214C7949,C**** S****S****,CSS010101**0,O**** C****C****,OCC010101**7,,20/07/2023,4986.84,PUE,No definido,MXN
7E62732EDCE1497B83E65AFCB74C1350,C**** S****S****,CSS010101**0,T**** H****A****,THV010101**6,,14/09/2023,20248.83,PPD,No definido,MXN
7D4713FB6C9B4A5BA6513E1CBB999131,V**** H****M****,MOM010101**4,C**** S****S****,CSS010101**0,,02/10/2023,3111.6,PUE,31/10/2023,MXN
7BC60AECDE1443738A9AD4CB9CDAA17A,C**** S****S****,CSS010101**0,O****,OAD010101**0,,30/08/2023,1725.97,PUE,No definido,MXN
7B7F784546DC4DD186923D698049A174,C**** S****S****,CSS010101**0,T**** H****A****,THV010101**6,,14/03/2023,46828.81,PPD,No definido,MXN
7AB63FD6631C4018B81C42DC2043F3C4,C**** S****S****,CSS010101**0,B**** I****S****,BII010101**1,,02/01/2023,360.18,PUE,No definido,MXN
7909EC1BC27B45FBA17A12D02B204B95,C**** S****S****,CSS010101**0,H**** D****P****,HDS010101**9,,15/03/2023,65248,PPD,No definido,MXN
783771E60480489292F226859A7BF9D5,C**** S****S****,CSS010101**0,T**** T****S****,TTS010101**9,,13/10/2023,111360,PUE,No definido,MXN
780CE316908347DFA0254E336BC5E962,C**** S****S****,CSS010101**0,T**** H****A****,THV010101**6,,15/08/2023,34655.05,PUE,No definido,MXN
77B7E59D7EB54F2597211F6DA1269BE3,C**** S****S****,CSS010101**0,H**** A****Y****,HAA010101**1,,15/08/2023,11241.4,PPD,No definido,MXN
7743124B0C284B9BA225150426BC7271,M**** L****M****,MOR010101**7,C**** S****S****,CSS010101**0,,16/03/2023,3111.6,PUE,No definido,MXN
77022CE1D0D64D05A83A8CAE4F4F3064,J**** J****A****,AEB010101**7,C**** S****S****,CSS010101**0,,15/09/2023,5144.06,PUE,No definido,MXN
76F8C9176FB645FC91345C1202371FEB,S**** B****F****,SBF010101**0,S**** F****E****,SFO010101**2,,05/01/2023,1506.84,PUE,No definido,MXN
76F03F6F637B4AB7AFE96656DC98EE27,J**** A****R****,ROZ010101**2,C**** S****S****,CSS010101**0,,06/11/2023,5619.82,PUE,30/11/2023,MXN
76028C88E8F040C89B5D1FCB46126F6F,S**** B****F****,SBF010101**0,B**** R****S****,BRM010101**6,,04/11/2023,371.2,PUE,30/11/2023,MXN
751F2DB0B3FD4395990B634A92A78679,C**** S****S****,CSS010101**0,G****,GLO010101**1,,16/06/2023,35483.62,PPD,No definido,MXN
73F1D594EDB045DEB823078BF2D75417,J**** A****R****,ROZ010101**2,C**** S****S****,CSS010101**0,,16/03/2023,5631.21,PUE,No definido,MXN
73EF69478A3D4E3DA346CAECB9A9D9FE,C**** S****S****,CSS010101**0,B**** A****S****,BAI010101**8,,02/08/2023,0,PUE,No definido,MXN
7369E285F59311ED923500155D014009,C**** S****S****,CSS010101**0,I****,ICO010101**2,,18/05/2023,35000,PUE,No definido,MXN
72A8971D98D946FDA7BC36ED5A651573,J**** J****A****,AEB010101**7,C**** S****S****,CSS010101**0,,05/04/2023,5134.74,PUE,No definido,MXN
71FCE4FF79034C919ED3D3E3DA8BF1EA,C**** S****S****,CSS010101**0,C**** I****G****,GUF010101**1,,29/09/2023,4950,PUE,No definido,MXN
7172757A23A7477EA30535C99A49ADA2,C**** S****S****,CSS010101**0,C**** G****M****,CGM010101**8,,13/10/2023,33976.4,PUE,No definido,MXN
70514411120E43F18A2A4DE8968883AD,C**** S****S****,CSS010101**0,H**** D****P****,HDS010101**9,,14/04/2023,152094.33,PUE,No definido,MXN
7008FE74D226487F80220310935F15E8,C**** S****S****,CSS010101**0,T**** H****A****,THV010101**6,,15/06/2023,24627.72,PUE,No definido,MXN
6EFD4D06D64D41A9B5F3A785FED4BE12,C**** S****S****,CSS010101**0,E**** A****R****,ROE010101**2,,26/05/2023,1518.1,PUE,No definido,MXN
6EF57910E1DD406FA713DA1431E0C981,D**** M****L****,MAL010101**4,C**** S****S****,CSS010101**0,,16/05/2023,3948.41,PUE,No definido,MXN
6EC44FE6B65241268521E53C92B5344D,J**** J****A****,AEB010101**7,C**** S****S****,CSS010101**0,,15/07/2023,5144.06,PUE,No definido,MXN
6E1F4A56495D49219577DE5E7AF62B63,C**** S****S****,CSS010101**0,G****,GLO010101**1,,27/07/2023,2662.2,PPD,No definido,MXN
6D55B5529E904D158484BA4BCD935022,S**** B****F****,SBF010101**0,B**** S****M****,BSM010101**8,,02/03/2023,810.84,PUE,No definido,MXN
6CB7D67B521947DD882BC97B0A41F4DB,S**** B****F****,SBF010101**0,B**** S****M****,BSM010101**8,,02/11/2023,810.84,PUE,30/11/2023,MXN
6B9FA82E8C724422BB022C5245936526,J**** A****R****,ROZ010101**2,C**** S****S****,CSS010101**0,,02/10/2023,5630.98,PUE,31/10/2023,MXN
6B9788C298CB4FBDA01DE9B61F1DEB39,C**** S****S****,CSS010101**0,H**** A****Y****,HAA010101**1,,12/09/2023,11241.4,PPD,No definido,MXN
6B89157F8645455AAA00F837A8C667D3,C**** S****S****,CSS010101**0,H**** D****P****,HDS010101**9,,31/07/2023,115691.9,PUE,No definido,MXN
6A4E9DF89D1B410989A5662E4F8F1FD1,C**** S****S****,CSS010101**0,P****,PAD010101**3,,12/10/2023,2411.65,PPD,No definido,MXN
6A3C2B53AC4D4B998D535E6F21072B29,C**** S****S****,CSS010101**0,S****,6.84E+08,,23/03/2023,3822,PUE,No definido,MXN
694D3F0CBBC9458A8067101FC50DB268,C**** S****S****,CSS010101**0,T**** E****E****,TEE010101**0,,25/10/2023,15598.78,PUE,31/10/2023,MXN
6917F87A26844BF28FC3A01736CEC59E,V**** H****M****,MOM010101**4,C**** S****S****,CSS010101**0,,31/05/2023,3111.6,PUE,No definido,MXN
69159B86E9D6409CA5725736BC89A05A,S**** B****F****,SBF010101**0,S**** D****T****,STP010101**6,,02/03/2023,4167.76,PPD,No definido,MXN
681CD87AFEB245B5872A3F5D74CFE450,M**** L****M****,MOR010101**7,C**** S****S****,CSS010101**0,,30/06/2023,0,PUE,No definido,MXN
6812C29CD6AD47848FFAC9126BEA04BE,C**** S****S****,CSS010101**0,B**** M****S****,BMI010101**A,,05/05/2023,0,PUE,No definido,MXN
678D71FC51344F6FAE805193204E6A42,C**** S****S****,CSS010101**0,S**** G****A****,SGD010101**1,,31/10/2023,40244.26,PPD,No definido,MXN
66034C7DDB414A5ABD7908AA5991A168,C**** S****S****,CSS010101**0,B**** M****S****,BMI010101**A,,07/01/2023,0,PUE,No definido,MXN
65E4044436E6490BB3FEF5196B3AE5B0,C**** S****S****,CSS010101**0,B**** A****S****,BAI010101**8,,02/03/2023,0,PUE,No definido,MXN
6597FB3014E34FF49ACF556A972A1ED8,C**** S****S****,CSS010101**0,B**** N****D****,BNM010101**1,,03/08/2023,0,PUE,No definido,MXN
64F5820A01554E3F8337778B55CB153D,M**** L****M****,MOR010101**7,C**** S****S****,CSS010101**0,,03/05/2023,622.32,PUE,No definido,MXN
6474E15AAC62457999BCAA13843DA74C,C**** S****S****,CSS010101**0,B**** N****D****,BNM010101**1,,02/01/2023,0,PUE,No definido,MXN
63AE6FC1ECB449848686CD764DA56E76,M**** L****M****,MOR010101**7,C**** S****S****,CSS010101**0,,15/09/2023,3111.6,PUE,No definido,MXN
637E752441FF4F518884E9E6ACF6A084,C**** S****S****,CSS010101**0,T**** H****A****,THV010101**6,,15/08/2023,20245.98,PUE,No definido,MXN
635C345FF7D046B5BE83DC2C92467257,C**** S****S****,CSS010101**0,T**** T****S****,TTS010101**9,,17/10/2023,20300,PUE,No definido,MXN
63535E446ABA414BA985A2AA0D450084,C**** S****S****,CSS010101**0,B**** M****S****,BMI010101**A,,06/04/2023,284.2,PUE,No definido,MXN
60DFE80BD94C4E8685B09A4E2E32B55E,S**** B****F****,SBF010101**0,S****,STE010101**8,,01/03/2023,5800,PPD,No definido,MXN
5F6713C52CFC470BACDB545443F6E2FD,C**** S****S****,CSS010101**0,H**** D****P****,HDS010101**9,,12/10/2023,114939.19,PPD,No definido,MXN
5EC13E3784C55AC7B2A4E23E6D4F2599,S**** B****F****,SBF010101**0,S**** F****E****,SFO010101**2,,28/08/2023,1506.84,PUE,No definido,MXN
5EACC5946AC64BBC8A3E57A91FF53544,R**** M****T****,MOT010101**1,C**** S****S****,CSS010101**0,,16/06/2023,5427.53,PUE,No definido,MXN
5E9CBF51F5524B199CF08FC128408E30,C**** S****S****,CSS010101**0,T**** T****S****,TTS010101**9,,18/09/2023,80194.11,PUE,No definido,MXN
5E6DE25BDCF4455AB8EB66C97A3FE59B,J**** A****R****,ROZ010101**2,C**** S****S****,CSS010101**0,,08/08/2023,5619.82,PUE,No definido,MXN
5E2A3FD75F6E413D97D352D8E5E4182C,C**** S****S****,CSS010101**0,D**** E****M****,DEM010101**9,,28/10/2023,880.85,PUE,31/10/2023,MXN
5D0893601ECF4563A84C84C5A5687272,D**** M****L****,MAL010101**4,C**** S****S****,CSS010101**0,,16/06/2023,3948.41,PUE,No definido,MXN
5CEC326DF4FC40548B7EBD1BB217AF23,J**** A****R****,ROZ010101**2,C**** S****S****,CSS010101**0,,16/08/2023,5630.98,PUE,No definido,MXN
5C7AFE6750E94A76B6E6D98CD9268032,C**** S****S****,CSS010101**0,G****,GLO010101**1,,13/04/2023,41239.16,PPD,No definido,MXN
5BF22413BE814313834C2E65EF6CE53C,C**** S****S****,CSS010101**0,T**** H****A****,THV010101**6,,29/06/2023,34654.71,PUE,No definido,MXN
5B72B89336CE4A358CFF58969DC0A2EE,V**** H****M****,MOM010101**4,C**** S****S****,CSS010101**0,,16/06/2023,3111.6,PUE,No definido,MXN
5A73460CD8EA4D6CBA55B51D1A134C1C,C**** S****S****,CSS010101**0,B**** N****D****,BNM010101**1,,01/05/2023,0,PUE,No definido,MXN
59FD6589E3B944B99B90D53AD0FF27F4,C**** S****S****,CSS010101**0,T**** H****A****,THV010101**6,,15/03/2023,246015.1,PUE,No definido,MXN
59CFEC83596B4A0C8F6149537595A99F,R**** M****T****,MOT010101**1,C**** S****S****,CSS010101**0,,15/09/2023,5427.53,PUE,No definido,MXN
58F5F710D4BE57D1A359D08C7EDCA6BC,S**** B****F****,SBF010101**0,S**** F****E****,SFO010101**2,,30/10/2023,1506.84,PUE,31/10/2023,MXN
57AFB352C8574EDEB318F641E860F5EC,C**** S****S****,CSS010101**0,B**** I****S****,BII010101**1,,02/07/2023,454.14,PUE,No definido,MXN
56B7B3AC23E5403A8737AAFD5EA32B51,A**** I****E****,EOR010101**1,C**** S****S****,CSS010101**0,,28/02/2023,3111.6,PUE,No definido,MXN
55C7FBC9629F443284CDF1026BBDC1E1,S**** B****F****,SBF010101**0,S**** D****T****,STP010101**6,,02/10/2023,3979.38,PPD,No definido,MXN
559FBECA880A481AA0F472B471A331A2,C**** S****S****,CSS010101**0,C**** G****M****,CGM010101**8,,29/06/2023,114492,PUE,No definido,MXN
544F4288E45B456BB5F773501D2FD07C,M**** L****M****,MOR010101**7,C**** S****S****,CSS010101**0,,16/08/2023,3111.6,PUE,No definido,MXN
541F41A44BE84DBCB764C2794BA99C5F,J**** A****R****,ROZ010101**2,C**** S****S****,CSS010101**0,,15/09/2023,5630.98,PUE,No definido,MXN
5292614A654C5DC683D70DA0015CFB73,C**** S****S****,CSS010101**0,I****,IZA010101**2,,02/08/2023,3306,PUE,No definido,MXN
51E70705160A46D98DB1320274DFF9A0,M**** L****M****,MOR010101**7,C**** S****S****,CSS010101**0,,01/02/2023,3146.71,PUE,No definido,MXN
5064040A28D84B8EA4CB080DF73237C6,C**** S****S****,CSS010101**0,B**** I****S****,BII010101**1,,02/06/2023,146.16,PUE,No definido,MXN
5005A5DAF92F4A548CC22A6FC8BC7752,C**** S****S****,CSS010101**0,T**** H****A****,THV010101**6,,15/06/2023,34654.71,PUE,No definido,MXN
4F691F510EF64FC5B287BC0165DA385D,V**** H****M****,MOM010101**4,C**** S****S****,CSS010101**0,,06/11/2023,3111.6,PUE,30/11/2023,MXN
4EBCB606B55A4B7CB6EA9D41E1476673,C**** S****S****,CSS010101**0,T**** H****A****,THV010101**6,,25/05/2023,29673.33,PPD,No definido,MXN
4D9F3055007B4B62BB833991F33FB5E7,M**** L****M****,MOR010101**7,C**** S****S****,CSS010101**0,,16/06/2023,0,PUE,No definido,MXN
4D5230D13FE24C5E9A8D560C92F8AFF9,M**** L****M****,MOR010101**7,C**** S****S****,CSS010101**0,,16/01/2023,3076.5,PUE,No definido,MXN
4CC573C26EF04751A0729B073CB35D64,C**** S****S****,CSS010101**0,T**** H****A****,THV010101**6,,14/04/2023,31261.99,PUE,No definido,MXN
4C9F7504D59C4B64B1D97C7F9DE90CB2,R**** M****T****,MOT010101**1,C**** S****S****,CSS010101**0,,16/02/2023,5428.47,PUE,No definido,MXN
4B7343F8561942A5A87ECC9A87CB037C,C**** S****S****,CSS010101**0,R**** A****D****,RAD010101**2,,15/04/2023,1450,PUE,No definido,MXN
4B573B20A1844FCCB224FEB4CC86E433,S**** B****F****,SBF010101**0,S**** D****T****,STP010101**6,,04/04/2023,4171.24,PPD,No definido,MXN
4B16247F8DAB4AD6A0638B12C0FDBB5D,C**** S****S****,CSS010101**0,T**** E****E****,TEE010101**0,,31/07/2023,91176,PUE,No definido,MXN
4A68FC62C7B940F6A426B1D30485FB20,M**** L****M****,MOR010101**7,C**** S****S****,CSS010101**0,,08/08/2023,3111.6,PUE,No definido,MXN
49B8A4DFCD4348FC9844F5AFB1E25A17,J**** J****A****,AEB010101**7,C**** S****S****,CSS010101**0,,16/10/2023,5144.06,PUE,31/10/2023,MXN
48EDACD5239C4207B1DBF8B99F918741,C**** S****S****,CSS010101**0,B**** A****S****,BAI010101**8,,03/04/2023,0,PUE,No definido,MXN
48D7BEBF68B348CB937E5A25780E3FCE,C**** S****S****,CSS010101**0,D**** E****M****,DEM010101**9,,30/03/2023,874.08,PUE,No definido,MXN
480C842877524F72A32B2D1B6CE98CAC,R**** M****T****,MOT010101**1,C**** S****S****,CSS010101**0,,16/01/2023,5427.12,PUE,No definido,MXN
47FDB2680469460EB144B45092DF36BA,C**** S****S****,CSS010101**0,J**** C****S****,SOC010101**8,,09/01/2023,30160,PUE,No definido,MXN
47B4ECCE924541079DC9035DC4FF0FE0,C**** S****S****,CSS010101**0,I**** S****D****,IZA010101**2,,01/03/2023,2201.1,PPD,No definido,MXN
47A8AB2C7761481EBB19CBB1EDF52993,A**** I****E****,EOR010101**1,C**** S****S****,CSS010101**0,,16/05/2023,3111.6,PUE,No definido,MXN
47994F3E23424472BCF6453331804237,C**** S****S****,CSS010101**0,S**** G****A****,SGD010101**1,,29/09/2023,20248.83,PUE,No definido,MXN
47606C0CAAE34864931F122CBC4665E1,D**** M****L****,MAL010101**4,C**** S****S****,CSS010101**0,,15/09/2023,3947.84,PUE,No definido,MXN
4732D164B82C5FA88D00F580DBE0C7E9,S**** B****F****,SBF010101**0,S**** F****E****,SFO010101**2,,07/11/2023,2086.84,PUE,30/11/2023,MXN
467F80D1245A4358995A80F614D81F3A,C**** S****S****,CSS010101**0,L**** A****R****,ROL010101**0,,04/10/2023,371.2,PUE,No definido,MXN
45EE57477A254C36B064A6A494D04A24,C**** S****S****,CSS010101**0,P****,PAD010101**3,,14/04/2023,2411.65,PUE,No definido,MXN
45016D57C97844B095727D0798C79DFF,C**** S****S****,CSS010101**0,C**** G****M****,CGM010101**8,,31/07/2023,47641.64,PUE,No definido,MXN
43DC290DF46A4AB2A9AF0B2A568FAE8D,C**** S****S****,CSS010101**0,G****,GLO010101**1,,01/11/2023,33621.82,PPD,No definido,MXN
43DB8D289ADD427DBD9A230079D4F207,S**** B****F****,SBF010101**0,B**** R****S****,BRM010101**6,,03/10/2023,371.2,PUE,31/10/2023,MXN
43CBDEBA83B74FC1B76F5F1E517E7682,C**** S****S****,CSS010101**0,T**** E****E****,TEE010101**0,,31/08/2023,68324,PUE,No definido,MXN
43169E1E9EC349EBA72E5E99CA6CF9E9,C**** S****S****,CSS010101**0,H**** D****P****,HDS010101**9,,31/10/2023,63039.21,PPD,No definido,MXN
42BF72CC6E0A4D49A2292803D8C46AF9,C**** S****S****,CSS010101**0,L**** A****R****,ROL010101**0,,29/09/2023,1067.2,PUE,No definido,MXN
4132AED7AB8C46F28931EB0052ED1627,C**** S****S****,CSS010101**0,H**** D****P****,HDS010101**9,,30/08/2023,115704.86,PUE,No definido,MXN
40832015F11D43D3AA20D111BBA3112B,V**** H****M****,MOM010101**4,C**** S****S****,CSS010101**0,,03/05/2023,3111.6,PUE,No definido,MXN
3FFC8E4B3F7B4DC19152A2489B0693D4,C**** S****S****,CSS010101**0,H**** D****P****,HDS010101**9,,15/05/2023,59930.8,PUE,No definido,MXN
3D75E98BD3B545C99C12DC8411E63F55,D**** M****L****,MAL010101**4,C**** S****S****,CSS010101**0,,05/04/2023,3941.14,PUE,No definido,MXN
3CA470DE09044952A05868840B110F8F,M**** L****M****,MOR010101**7,C**** S****S****,CSS010101**0,,05/04/2023,3111.6,PUE,No definido,MXN
3C1A70871A0D417F875AED87C33C8952,C**** S****S****,CSS010101**0,E****,ENV010101**9,,05/09/2023,740.01,PUE,No definido,MXN
3B37D120493D4A21AC35833729BFC4E3,R**** M****T****,MOT010101**1,C**** S****S****,CSS010101**0,,16/05/2023,5428.47,PUE,No definido,MXN
3B1375F49C644BED9CCB96CF7DB917B4,C**** S****S****,CSS010101**0,P****,PAD010101**3,,14/09/2023,2411.65,PPD,No definido,MXN
3AE24DE8F1324441980EFF43496C6965,S**** B****F****,SBF010101**0,S****,STE010101**8,,02/06/2023,5800,PPD,No definido,MXN
3A9ACB8BCA405D5E9408FDA8FDF824D1,S**** B****F****,SBF010101**0,S**** F****E****,SFO010101**2,,06/07/2023,1506.84,PUE,No definido,MXN
3A95D86EEB3B47AFB2E95290CEC7BC2A,C**** S****S****,CSS010101**0,H**** D****P****,HDS010101**9,,30/08/2023,63037.14,PUE,No definido,MXN
3A12E080B9DF4F35B4529F64EB10B770,C**** S****S****,CSS010101**0,S**** G****A****,SGD010101**1,,29/09/2023,34655.05,PUE,No definido,MXN
39F0B64638654592BA863FD0ED34C8FA,J**** J****A****,AEB010101**7,C**** S****S****,CSS010101**0,,16/02/2023,5144.72,PUE,No definido,MXN
39E10AB19BCC4079B5E31712EC457E6A,C**** S****S****,CSS010101**0,I**** S****D****,IZA010101**2,,02/01/2023,2201.1,PPD,No definido,MXN
3975F6ACBB364D3FABC3C0D8FBAAE5B3,C**** S****S****,CSS010101**0,L**** A****R****,ROL010101**0,,26/10/2023,406,PUE,31/10/2023,MXN
38B99F71011344B2B294F749AF71FCA6,S**** B****F****,SBF010101**0,S**** D****T****,STP010101**6,,02/06/2023,4169.5,PPD,No definido,MXN
3810B25782E44A0BA2D37A3692F1537F,C**** S****S****,CSS010101**0,B**** I****S****,BII010101**1,,03/08/2023,203.58,PUE,No definido,MXN
378D85E70CF64C549E2AA43C7372784E,C**** S****S****,CSS010101**0,I**** M****D****,IMS010101**5,,18/08/2023,8726.99,PUE,No definido,MXN
376589735E2F544DA1CEE61C9D08ED9F,C**** S****S****,CSS010101**0,I****,IZA010101**2,,05/06/2023,3306,PUE,No definido,MXN
3762EB8DAD6A425A94B94E4A1A099693,C**** S****S****,CSS010101**0,C**** C****O****,CCO010101**5,,13/10/2023,56260,PUE,No definido,MXN
371959F0C85C49BF9624552EE09BD183,C**** S****S****,CSS010101**0,D**** E****M****,DEM010101**9,,31/07/2023,772.44,PUE,No definido,MXN
36682BBFC2C14858AD3B895CA41CF597,C**** S****S****,CSS010101**0,H**** M****S****,HMI010101**8,,01/02/2023,348,PUE,No definido,MXN
35DE29EC8FD7460D8641750EBEA4E3F0,V**** H****M****,MOM010101**4,C**** S****S****,CSS010101**0,,16/01/2023,3076.5,PUE,No definido,MXN
355E7165E293441D9091BF0216457C82,C**** S****S****,CSS010101**0,S**** G****A****,SGD010101**1,,12/10/2023,39926.24,PPD,No definido,MXN
3487DAABB49C4B148B3B8F517C99FB6A,C**** S****S****,CSS010101**0,T**** H****A****,THV010101**6,,12/10/2023,34655.05,PPD,No definido,MXN
3366826E849549C7A8217478C380F470,J**** A****R****,ROZ010101**2,C**** S****S****,CSS010101**0,,31/05/2023,5620.07,PUE,No definido,MXN
31D239F1C14B46D9B0D5658AB98018D3,C**** S****S****,CSS010101**0,T**** T****S****,TTS010101**9,,31/07/2023,145000,PUE,No definido,MXN
31A067A7DD8847769DCDE1EC9BBBC513,C**** S****S****,CSS010101**0,T**** T****S****,TTS010101**9,,29/09/2023,122960,PUE,No definido,MXN
30EA7AB63E5249B4907CEAA099F77FF4,A**** I****E****,EOR010101**1,C**** S****S****,CSS010101**0,,16/06/2023,3111.6,PUE,No definido,MXN
30B446F9171D49D3B1E43EAC82F7F434,V**** H****M****,MOM010101**4,C**** S****S****,CSS010101**0,,18/04/2023,3111.6,PUE,No definido,MXN
2F70B497B7E54D4EAFFEFC5131FC586E,C**** S****S****,CSS010101**0,H**** D****P****,HDS010101**9,,14/07/2023,114927.03,PUE,No definido,MXN
2F460F218495463082F0430C0555F018,C**** S****S****,CSS010101**0,H**** A****Y****,HAA010101**1,,12/05/2023,11241.4,PPD,No definido,MXN
2EDE1ADA494940E790DBC32413EE8AB7,C**** S****S****,CSS010101**0,I**** S****D****,IZA010101**2,,01/02/2023,2201.1,PPD,No definido,MXN
2DA35AF61C3447F1952B9FDD748B4847,C**** S****S****,CSS010101**0,T**** H****A****,THV010101**6,,30/08/2023,36373.97,PUE,No definido,MXN
2D287FF900C14BD2982819BAA398EE79,C**** S****S****,CSS010101**0,T**** H****A****,THV010101**6,,15/05/2023,236654.67,PUE,No definido,MXN
2C488B0B687A4CD2AA4BE612358ACADA,C**** S****S****,CSS010101**0,B**** I****S****,BII010101**1,,02/02/2023,182.7,PUE,No definido,MXN
2AF46CF53CC8428887A7A6D3142A18CB,S**** B****F****,SBF010101**0,S**** F****E****,SFO010101**2,,13/02/2023,1506.84,PUE,No definido,MXN
2A9102D6DCB4450C8EA8FEA7DB71C628,R**** M****T****,MOT010101**1,C**** S****S****,CSS010101**0,,30/06/2023,5427.53,PUE,No definido,MXN
2A21751D5CE643949A50C2EFE725DCF0,C**** S****S****,CSS010101**0,I**** M****D****,IMS010101**5,,20/06/2023,8017.32,PUE,No definido,MXN
295CC14013094073A4D864CE6F460EF8,C**** S****S****,CSS010101**0,H**** A****Y****,HAA010101**1,,18/01/2023,11241.4,PPD,No definido,MXN
28A548A0EA774BC98D15DE8E20A62B90,A**** I****E****,EOR010101**1,C**** S****S****,CSS010101**0,,02/10/2023,3111.6,PUE,31/10/2023,MXN
286E8BD60B784381A2E0FF8781561A6D,C**** S****S****,CSS010101**0,B**** N****D****,BNM010101**1,,02/09/2023,568.4,PUE,No definido,MXN
27E4C78395974CAD87B0E65A981A8359,C**** S****S****,CSS010101**0,R**** A****D****,RAD010101**2,,15/05/2023,2312.03,PUE,No definido,MXN
27899C7ED0E542BEA1D7F0645D1E3291,C**** S****S****,CSS010101**0,B**** M****S****,BMI010101**A,,03/03/2023,0,PUE,No definido,MXN
2785D6BFFA6B4D44B3B83D34B11BF0E6,C**** S****S****,CSS010101**0,H****,HAC010101**6,,10/01/2023,19140,PPD,No definido,MXN
276105D06A11481C83FA789F1C2B5565,C**** S****S****,CSS010101**0,F**** F****M****,FFM010101**4,,25/08/2023,4500,PUE,No definido,MXN
273194D70C704A7E82D11323F1CACEA1,J**** J****A****,AEB010101**7,C**** S****S****,CSS010101**0,,31/05/2023,5134.74,PUE,No definido,MXN
260A0E4671EE5B21B6816BF6A6838D48,S**** B****F****,SBF010101**0,S**** F****E****,SFO010101**2,,12/06/2023,1506.84,PUE,No definido,MXN
25537635134E41D0848F89ED3B7D7793,C**** S****S****,CSS010101**0,G****,GLO010101**1,,09/01/2023,29876.96,PPD,No definido,MXN
2544915AE6534F49B38AAEF3E39510F2,V**** H****M****,MOM010101**4,C**** S****S****,CSS010101**0,,16/02/2023,3111.6,PUE,No definido,MXN
24514A73D9844A14BDF6E20D67F8F765,A**** I****E****,EOR010101**1,C**** S****S****,CSS010101**0,,16/10/2023,3111.6,PUE,31/10/2023,MXN
23C891DFFE0448E38A30245DB6228606,C**** S****S****,CSS010101**0,T**** H****A****,THV010101**6,,31/07/2023,34739.42,PUE,No definido,MXN
2378A760A3EE49A7B6487EE571244A8F,J**** J****A****,AEB010101**7,C**** S****S****,CSS010101**0,,03/05/2023,5144.72,PUE,No definido,MXN
22A9C2E0FB6A4C43BE98BC366CB2A951,J**** A****R****,ROZ010101**2,C**** S****S****,CSS010101**0,,16/10/2023,5630.98,PUE,31/10/2023,MXN
2292194DB66B4AA0A2CF7A38591D95A6,C**** S****S****,CSS010101**0,E**** A****R****,ROE010101**2,,26/05/2023,1698,PUE,No definido,MXN
228B9B3B0BC1400BA28AA42427EAA125,C**** S****S****,CSS010101**0,T**** T****S****,TTS010101**9,,30/08/2023,157064,PUE,No definido,MXN
22234A42C2164473AA533BC2E8F24497,R**** M****T****,MOT010101**1,C**** S****S****,CSS010101**0,,08/08/2023,5416.81,PUE,No definido,MXN
21C1A0A9B7064891B8928222A7C6F318,C**** S****S****,CSS010101**0,S**** G****A****,SGD010101**1,,30/08/2023,40244.26,PUE,No definido,MXN
21738DA3365C4D6AB04E52DD021B0F00,C**** S****S****,CSS010101**0,H**** D****P****,HDS010101**9,,14/07/2023,62344.79,PUE,No definido,MXN
2102B764AF914A5BA5D627F31E86B52A,S**** B****F****,SBF010101**0,B**** S****M****,BSM010101**8,,03/02/2023,810.84,PUE,No definido,MXN
20AB15B750614865AD81E097881EB7AA,C**** S****S****,CSS010101**0,T**** H****A****,THV010101**6,,15/03/2023,49416,PUE,No definido,MXN
2021E3C903AD492496FFB2207C8BFA34,J**** A****R****,ROZ010101**2,C**** S****S****,CSS010101**0,,15/07/2023,5630.98,PUE,No definido,MXN
1FD6FFD73AEB4775AED63B6C2DDA9863,C**** S****S****,CSS010101**0,H**** A****Y****,HAA010101**1,,17/04/2023,11241.4,PPD,No definido,MXN
1E47EABC4E8C443C933603B515673884,S**** B****F****,SBF010101**0,S**** D****T****,STP010101**6,,01/11/2023,3984.6,PPD,No definido,MXN
1E015A3E6CE44F4686FD83CBEA99E2CC,C**** S****S****,CSS010101**0,B**** A****S****,BAI010101**8,,03/05/2023,0,PUE,No definido,MXN
1DE43BE0461C49EFBD4A6A053F17E85A,D**** M****L****,MAL010101**4,C**** S****S****,CSS010101**0,,28/02/2023,3962.97,PUE,No definido,MXN
1CA347045ED14EEAA5E9B7500CCDA850,C**** S****S****,CSS010101**0,P****,PAD010101**3,,15/08/2023,2411.65,PUE,No definido,MXN
1C91A7AC87354BE6ABB113D42A6B73FE,C**** S****S****,CSS010101**0,T**** H****A****,THV010101**6,,14/07/2023,24627.72,PUE,No definido,MXN
1C49018E11D74E67813BA03A98694B30,V**** H****M****,MOM010101**4,C**** S****S****,CSS010101**0,,16/08/2023,3111.6,PUE,No definido,MXN
1BA53C245616474CB632E378CE4730DB,C**** S****S****,CSS010101**0,P****,PAD010101**3,,15/05/2023,2177.04,PUE,No definido,MXN
1B570BBA3C6B4FCA832789FCF7D0DDB7,S**** B****F****,SBF010101**0,S**** D****T****,STP010101**6,,02/08/2023,3963.72,PPD,No definido,MXN
1AF910B2B458473094B11DA8639C33A4,A**** I****E****,EOR010101**1,C**** S****S****,CSS010101**0,,05/04/2023,3111.6,PUE,No definido,MXN
1ACF1BAC177148E0B474EABEC5795131,R**** M****T****,MOT010101**1,C**** S****S****,CSS010101**0,,17/02/2023,4914.67,PUE,No definido,MXN
1A92AD3C6AF84686B0BA4FD01D8AF3EF,C**** S****S****,CSS010101**0,R**** K****E****,EAS010101**3,,24/01/2023,516.37,PUE,No definido,MXN
1A78E131CA2E4128840FF543B6E61C78,C**** S****S****,CSS010101**0,B**** M****S****,BMI010101**A,,08/02/2023,0,PUE,No definido,MXN
1A102824BC074F3EAED1067819CB8E73,C**** S****S****,CSS010101**0,B**** N****D****,BNM010101**1,,01/07/2023,1705.2,PUE,No definido,MXN
1A09E561C8264A8997A70D7010E6393F,J**** J****A****,AEB010101**7,C**** S****S****,CSS010101**0,,18/04/2023,5144.72,PUE,No definido,MXN
19D34634804048579D7EEE1584E688B4,C**** S****S****,CSS010101**0,S**** G****A****,SGD010101**1,,29/06/2023,39926.24,PUE,No definido,MXN
197252ABACAC4F90996AED555CA37B93,J**** A****R****,ROZ010101**2,C**** S****S****,CSS010101**0,,01/02/2023,5618.62,PUE,No definido,MXN
18F37BCCA96545C295A0571D3B0008BE,J**** J****A****,AEB010101**7,C**** S****S****,CSS010101**0,,17/02/2023,4686.7,PUE,No definido,MXN
178D6CB6CB794AC9AE8FD27B26937728,C**** S****S****,CSS010101**0,F**** F****M****,FFM010101**4,,25/08/2023,4500,PUE,No definido,MXN
177CE8DED23F4AD285FF506398DFE0A9,J**** J****A****,AEB010101**7,C**** S****S****,CSS010101**0,,16/08/2023,5144.06,PUE,No definido,MXN
173870A1832946D68F975D7410E0BBB2,C**** S****S****,CSS010101**0,T**** H****A****,THV010101**6,,30/06/2023,215521.05,PUE,No definido,MXN
1670ED9AA1EC464C8D9001D5D86F1C4F,C**** S****S****,CSS010101**0,H**** D****P****,HDS010101**9,,15/03/2023,53237.14,PPD,No definido,MXN
162B1A927E6D4BE9BB92D71661655D27,S**** B****F****,SBF010101**0,B**** S****M****,BSM010101**8,,02/08/2023,810.84,PUE,No definido,MXN
159E9D04975B449D81F332E65F43BACE,C**** S****S****,CSS010101**0,S**** G****A****,SGD010101**1,,14/07/2023,6177,PUE,No definido,MXN
151ABE940EFD4AF28EAE74BC8F8A853D,C**** S****S****,CSS010101**0,I**** M****D****,IMS010101**5,,24/02/2023,8801.27,PUE,No definido,MXN
151A6EB23A7B428E8353C6298A6181DC,C**** S****S****,CSS010101**0,T**** H****A****,THV010101**6,,31/07/2023,20399.66,PUE,No definido,MXN
13BADCBDF605400AAB51D0740C4C7D10,S**** B****F****,SBF010101**0,S****,STE010101**8,,01/02/2023,5800,PPD,No definido,MXN
12B80E7B8EAE4C45B826A781537602F3,V**** H****M****,MOM010101**4,C**** S****S****,CSS010101**0,,30/06/2023,3111.6,PUE,No definido,MXN
123AC158DB084870B72F57E94DC1C5F6,C**** S****S****,CSS010101**0,B**** M****S****,BMI010101**A,,02/06/2023,2320,PUE,No definido,MXN
12054745317845A59464DF482B8097D5,J**** A****R****,ROZ010101**2,C**** S****S****,CSS010101**0,,16/05/2023,5631.21,PUE,No definido,MXN
11A93E6601F9459C8A2C9902CDB1F8BF,A**** I****E****,EOR010101**1,C**** S****S****,CSS010101**0,,16/01/2023,3076.5,PUE,No definido,MXN
116B241382A04777AACA280AE4514B4B,C**** S****S****,CSS010101**0,H**** D****P****,HDS010101**9,,01/06/2023,24116.4,PUE,No definido,MXN
0F78C6D10F964795B71ED9671C98FD08,C**** S****S****,CSS010101**0,T**** H****A****,THV010101**6,,14/04/2023,251202.56,PUE,No definido,MXN
0EFBFCE4FDB34CD597DACE427B459735,C**** S****S****,CSS010101**0,B**** A****S****,BAI010101**8,,02/09/2023,0,PUE,No definido,MXN
0D5B587A1C4E4D8D832EFEC11F84901F,R**** M****T****,MOT010101**1,C**** S****S****,CSS010101**0,,28/02/2023,5449.79,PUE,No definido,MXN
0C737832F9B24B6988A8B8484F0A2B37,C**** S****S****,CSS010101**0,H**** D****P****,HDS010101**9,,15/06/2023,62364.87,PUE,No definido,MXN
0C2E4C6676FC4FBEB05AB4B0FACB6E2C,C**** S****S****,CSS010101**0,P****,PAD010101**3,,14/07/2023,2239.6,PUE,No definido,MXN
0B46B0837DAE47AD95B4DF517377C50D,R**** M****T****,MOT010101**1,C**** S****S****,CSS010101**0,,16/10/2023,5427.53,PUE,31/10/2023,MXN
0B1CF59D2FF04AED88FF0EFAAA03F60E,A**** I****E****,EOR010101**1,C**** S****S****,CSS010101**0,,16/02/2023,3111.6,PUE,No definido,MXN
0A175B641E28579585FD80A63AF7547B,C**** S****S****,CSS010101**0,I****,IZA010101**2,,03/10/2023,3306,PUE,31/10/2023,MXN
09FBB8BF363B4D2DBEA9CFA883F756DA,C**** S****S****,CSS010101**0,T**** T****S****,TTS010101**9,,30/10/2023,2366.84,PUE,No definido,MXN
091FCFF9825D4E1A8948C05F5BAE9EE6,C**** S****S****,CSS010101**0,S**** G****A****,SGD010101**1,,02/06/2023,185310,PUE,No definido,MXN
08A98367380A4F8A83DB92A6B03FC9AF,C**** S****S****,CSS010101**0,P****,PAD010101**3,,15/06/2023,2177.04,PUE,No definido,MXN
0864A6E631474073AE33752965659301,R**** M****T****,MOT010101**1,C**** S****S****,CSS010101**0,,02/10/2023,5427.53,PUE,31/10/2023,MXN
0853A536479742FD85F6203CEEDA1ADF,C**** S****S****,CSS010101**0,B**** A****S****,BAI010101**8,,02/06/2023,0,PUE,No definido,MXN
083BB32CF80D46FA85E283C814C637DF,S**** B****F****,SBF010101**0,B**** S****M****,BSM010101**8,,02/09/2023,810.84,PUE,No definido,MXN
0800AE3FE777492C89669BBB30D0AC4E,D**** M****L****,MAL010101**4,C**** S****S****,CSS010101**0,,18/04/2023,3948.41,PUE,No definido,MXN
07809CADEA194D5DAAC39613625F73C8,C**** S****S****,CSS010101**0,H**** D****P****,HDS010101**9,,15/05/2023,152094.33,PUE,No definido,MXN
0647FBC05A4F400EB26064E833142592,C**** S****S****,CSS010101**0,T**** H****A****,THV010101**6,,15/05/2023,47265.48,PUE,No definido,MXN
063BFBD4F086463B828ABCDAB2D59065,C**** S****S****,CSS010101**0,H**** A****Y****,HAA010101**1,,10/02/2023,11241.4,PPD,No definido,MXN
061311E61B0645CFB35D8913C188634C,M**** L****M****,MOR010101**7,C**** S****S****,CSS010101**0,,16/02/2023,3111.6,PUE,No definido,MXN
05FB8FF163564A4A98F63D242321AB90,C**** S****S****,CSS010101**0,B**** I****S****,BII010101**1,,02/05/2023,140.94,PUE,No definido,MXN
051611DD111B48F5A1D2874E0635FFE9,C**** S****S****,CSS010101**0,P****,PAD010101**3,,29/09/2023,2411.65,PUE,No definido,MXN
03FB10908D1956948C0988B19028C6B1,C**** S****S****,CSS010101**0,I****,IZA010101**2,,02/09/2023,3306,PUE,No definido,MXN
0354C635FDF64CB6B0656880D6A87D6E,S**** B****F****,SBF010101**0,B**** M****S****,BBA010101**2,,01/02/2023,0,PUE,No definido,MXN
032F1C8AD2D841F0ABD0B891B3B01AC3,C**** S****S****,CSS010101**0,R**** K****E****,EAS010101**3,,03/04/2023,1032.75,PUE,No definido,MXN
02C691957F1648179D1815CBCF519AF7,A**** I****E****,EOR010101**1,C**** S****S****,CSS010101**0,,15/09/2023,3111.6,PUE,No definido,MXN
023681B8F8A24D46AEEDE83DAF582546,C**** S****S****,CSS010101**0,D**** E****M****,DEM010101**9,,02/05/2023,419.37,PUE,No definido,MXN
02144F3BCACD48D785BA7D40428941A0,C**** S****S****,CSS010101**0,L**** A****R****,ROL010101**0,,26/10/2023,348,PUE,31/10/2023,MXN
01FEDADF01EE48E7A52082FE1EE177B4,R**** M****T****,MOT010101**1,C**** S****S****,CSS010101**0,,05/04/2023,5417.81,PUE,No definido,MXN
01718686241A53B2A2F93C42B5AD0E02,S**** B****F****,SBF010101**0,S**** F****E****,SFO010101**2,,16/03/2023,1506.84,PUE,No definido,MXN
010BE0BECAB84E358CDB44DFFF180B19,C**** S****S****,CSS010101**0,S**** G****A****,SGD010101**1,,29/09/2023,154999.7,PUE,No definido,MXN
00920F6157094BECB1919FE525C7CA4B,V**** H****M****,MOM010101**4,C**** S****S****,CSS010101**0,,01/02/2023,3146.71,PUE,No definido,MXN
0058578024704DDAA4ABD81312411211,C**** S****S****,CSS010101**0,T**** H****A****,THV010101**6,,31/10/2023,38498.18,PPD,No definido,MXN
0026DB6530614095960FEA4B748FE93F,R**** M****T****,MOT010101**1,C**** S****S****,CSS010101**0,,16/03/2023,5428.47,PUE,No definido,MXN
