idInvoice,idEvent,aditionalData,amount,amountPaidAferMatchMatch,amountPaidBeforeMatch,amountToPaidAfterMatch,amountToPaidBeforeMatch,amountToPay,eventDate,eventType,hasMatchAfterMatch,hasMatchBeforeMatch,idTransaction,matchMethod,needReviewAfterMatch,needReviewBeforeMatch,paymentethod,result,stateAfterMatch,stateBeforeMatch
ECB19B650662455DBB7FB32A920D1F11,34d70e88-afef-4beb-a61f-2b5a4b8dfd10,{},236203,236203,236203,0,0,236203,1.69345E+12,LINK#GRAPH#PAYMENT,true,true,a8da64fc8433c0bfbed37cf053053d92,GRAPH,false,false,PUE,ERROR# El monto a abonar es mayor al saldo pendiente de la factura,PAGADA,PAGADA
ECB19B650662455DBB7FB32A920D1F11,b3e12047-dfd2-4102-ba3a-97fc565e33f8,{},236203,236203,236203,0,0,236203,1.69334E+12,LINK#GRAPH#PAYMENT,true,true,a8da64fc8433c0bfbed37cf053053d92,GRAPH,false,false,PUE,ERROR# El monto a abonar es mayor al saldo pendiente de la factura,PAGADA,PAGADA
ECB19B650662455DBB7FB32A920D1F11,dfbdf10a-70b5-401e-a3e0-e507bc9df159,{},236203,236203,236203,0,0,236203,1.69335E+12,LINK#GRAPH#PAYMENT,true,true,a8da64fc8433c0bfbed37cf053053d92,GRAPH,false,false,PUE,ERROR# El monto a abonar es mayor al saldo pendiente de la factura,PAGADA,PAGADA
ECB19B650662455DBB7FB32A920D1F11,e8728d76-cfa4-4ec8-b596-225aeec5c043,{},236203,236203,0,0,236203,236203,1.69334E+12,LINK#GRAPH#PAYMENT,true,false,a8da64fc8433c0bfbed37cf053053d92,GRAPH,false,false,PUE,SUCCESS,PAGADA,PENDIENTE
299716B759534020BEE566D276AF0F0E,9179d76c-7f0d-4b56-aa9d-ca782e7cdaee,{},65880,65880,0,0,65880,65880,1.69334E+12,LINK#PAYMENT,true,false,b86c5e10df1237784978dd5ca64155dc,null,false,false,PUE,SUCCESS,PAGADA,PENDIENTE
5EC13E3784C55AC7B2A4E23E6D4F2599,312db07a-9f1a-4acf-a7bf-cab99f20baec,{},1506.84,0,0,1506.84,1506.84,1506.84,1.69345E+12,UNLINK#GRAPH#PAYMENT,false,false,b48b464760f4e8d6a085cd61da934cea,GRAPH,false,false,PUE,ERROR# NO SE PUEDE DESCONTAR SALDO A UNA FACTURA CON MONTO PAGADO EN CERO,PENDIENTE,PENDIENTE
5EC13E3784C55AC7B2A4E23E6D4F2599,582cf735-a563-4b18-a354-98da8151a056,{},1506.84,0,0,1506.84,1506.84,1506.84,1.69406E+12,UNLINK#GRAPH#PAYMENT,false,false,b48b464760f4e8d6a085cd61da934cea,GRAPH,false,false,PUE,ERROR# NO SE PUEDE DESCONTAR SALDO A UNA FACTURA CON MONTO PAGADO EN CERO,VENCIDA,VENCIDA
5EC13E3784C55AC7B2A4E23E6D4F2599,7c8b8c0b-808f-47cd-b3e4-418ef9e0b5b6,{},1506.84,0,0,1506.84,1506.84,1506.84,1.69406E+12,UNLINK#GRAPH#PAYMENT,false,false,945b4382ca6f14dab8e6bd0e43e491c9,GRAPH,false,false,PUE,ERROR# NO SE PUEDE DESCONTAR SALDO A UNA FACTURA CON MONTO PAGADO EN CERO,VENCIDA,VENCIDA
5EC13E3784C55AC7B2A4E23E6D4F2599,e59a8433-96dc-4a1b-9266-693e759c4c90,{},1506.84,0,0,1506.84,1506.84,1506.84,1.69345E+12,UNLINK#GRAPH#PAYMENT,false,false,945b4382ca6f14dab8e6bd0e43e491c9,GRAPH,false,false,PUE,ERROR# NO SE PUEDE DESCONTAR SALDO A UNA FACTURA CON MONTO PAGADO EN CERO,PENDIENTE,PENDIENTE
8AC7B713098B44928830890B8D3AB483,169cfdbd-b00f-4a07-99b8-dbd428b2bd81,{},100143.12,100143.12,100143.12,0,0,100143.12,1.69334E+12,LINK#GRAPH#PAYMENT,true,true,bcc4c49017862d18bb0c1fbb3229d074,GRAPH,false,false,PUE,ERROR# El monto a abonar es mayor al saldo pendiente de la factura,PAGADA,PAGADA
8AC7B713098B44928830890B8D3AB483,3420a779-462d-45f1-9aaf-83faaa27ee2b,{},100143.12,100143.12,100143.12,0,0,100143.12,1.69406E+12,LINK#GRAPH#PAYMENT,true,true,bcc4c49017862d18bb0c1fbb3229d074,GRAPH,false,false,PUE,ERROR# El monto a abonar es mayor al saldo pendiente de la factura,PAGADA,PAGADA
8AC7B713098B44928830890B8D3AB483,c8a4ea7f-d006-4706-aef5-a1c8bbacb2fe,{},100143.12,100143.12,100143.12,0,0,100143.12,1.69345E+12,LINK#GRAPH#PAYMENT,true,true,bcc4c49017862d18bb0c1fbb3229d074,GRAPH,false,false,PUE,ERROR# El monto a abonar es mayor al saldo pendiente de la factura,PAGADA,PAGADA
8AC7B713098B44928830890B8D3AB483,cc8a422b-2377-4cb8-b9d6-66a76f3bbd1c,{},100143.12,100143.12,100143.12,0,0,100143.12,1.69335E+12,LINK#GRAPH#PAYMENT,true,true,bcc4c49017862d18bb0c1fbb3229d074,GRAPH,false,false,PUE,ERROR# El monto a abonar es mayor al saldo pendiente de la factura,PAGADA,PAGADA
8AC7B713098B44928830890B8D3AB483,fd388a80-a1cf-4983-bc66-8099a6e1144b,{},100143.12,100143.12,0,0,100143.12,100143.12,1.69334E+12,LINK#GRAPH#PAYMENT,true,false,bcc4c49017862d18bb0c1fbb3229d074,GRAPH,false,false,PUE,SUCCESS,PAGADA,PENDIENTE
00BFF93F595148CF8B4BD7647C968E36,07ec39b3-8df8-4f63-ba69-53620f67d588,{},174,174,174,0,0,174,1.69334E+12,LINK#GRAPH#PAYMENT,true,true,de2c3cada1700174df7108cf692f759f,GRAPH,false,false,PUE,ERROR# El monto a abonar es mayor al saldo pendiente de la factura,PAGADA,PAGADA
00BFF93F595148CF8B4BD7647C968E36,0cf06697-c761-45de-9015-7ab809aded51,{},174,174,174,0,0,174,1.69328E+12,LINK#GRAPH#PAYMENT,true,true,de2c3cada1700174df7108cf692f759f,GRAPH,false,false,PUE,ERROR# El monto a abonar es mayor al saldo pendiente de la factura,PAGADA,PAGADA
00BFF93F595148CF8B4BD7647C968E36,317e7a49-27c4-4064-ad92-bd77d977ddd7,{},174,174,0,0,174,174,1.69328E+12,LINK#GRAPH#PAYMENT,true,false,de2c3cada1700174df7108cf692f759f,GRAPH,false,false,PUE,SUCCESS,PAGADA,PENDIENTE
00BFF93F595148CF8B4BD7647C968E36,534810de-d9f2-4295-a810-0c82e335c52a,{},174,174,174,0,0,174,1.69328E+12,CONFIRM#PAYMENT,true,true,de2c3cada1700174df7108cf692f759f,MANUAL,false,false,PUE,SUCCESS,PAGADA,PAGADA
00BFF93F595148CF8B4BD7647C968E36,6b2540a7-286e-40f2-8665-2c6db93e7603,{},174,174,174,0,0,174,1.69335E+12,LINK#GRAPH#PAYMENT,true,true,de2c3cada1700174df7108cf692f759f,GRAPH,false,false,PUE,ERROR# El monto a abonar es mayor al saldo pendiente de la factura,PAGADA,PAGADA
00BFF93F595148CF8B4BD7647C968E36,d3f95848-4c41-4059-9e40-e380a00334ee,{},174,174,174,0,0,174,1.69406E+12,LINK#GRAPH#PAYMENT,true,true,de2c3cada1700174df7108cf692f759f,GRAPH,false,false,PUE,ERROR# El monto a abonar es mayor al saldo pendiente de la factura,PAGADA,PAGADA
00BFF93F595148CF8B4BD7647C968E36,da053441-2c8f-46a1-b454-da8cc1bd19a8,{},174,174,174,0,0,174,1.69328E+12,LINK#GRAPH#PAYMENT,true,true,de2c3cada1700174df7108cf692f759f,GRAPH,false,false,PUE,ERROR# El monto a abonar es mayor al saldo pendiente de la factura,PAGADA,PAGADA
00BFF93F595148CF8B4BD7647C968E36,f0a44995-95b9-48e7-b734-b5948b9f2c63,{},174,174,174,0,0,174,1.69328E+12,LINK#GRAPH#PAYMENT,true,true,de2c3cada1700174df7108cf692f759f,GRAPH,false,false,PUE,ERROR# El monto a abonar es mayor al saldo pendiente de la factura,PAGADA,PAGADA
00BFF93F595148CF8B4BD7647C968E36,fd3bd087-0298-4d60-9a09-d699567ee095,{},174,174,174,0,0,174,1.69345E+12,LINK#GRAPH#PAYMENT,true,true,de2c3cada1700174df7108cf692f759f,GRAPH,false,false,PUE,ERROR# El monto a abonar es mayor al saldo pendiente de la factura,PAGADA,PAGADA
00BFF93F595148CF8B4BD7647C968E36,fd5740ca-5351-4686-aa6f-1f038b796e9f,{},174,174,174,0,0,174,1.69334E+12,LINK#GRAPH#PAYMENT,true,true,de2c3cada1700174df7108cf692f759f,GRAPH,false,false,PUE,ERROR# El monto a abonar es mayor al saldo pendiente de la factura,PAGADA,PAGADA
06E3E7D585DB46A28B88A730623CAE49,1f21c124-e51c-42f0-baac-34e5a165480c,{},375991.82,375991.82,375991.82,0,0,375991.82,1.69419E+12,LINK#GRAPH#PAYMENT,true,true,f05b3cef0101c19eab0e76f0527ba497,GRAPH,false,false,PPD,ERROR# El monto a abonar es mayor al saldo pendiente de la factura,PAGADA,PAGADA
06E3E7D585DB46A28B88A730623CAE49,2c71d2a3-57f7-4b73-9853-e3596285539e,{},375991.82,375991.82,375991.82,0,0,375991.82,1.69345E+12,LINK#GRAPH#PAYMENT,true,true,f05b3cef0101c19eab0e76f0527ba497,GRAPH,false,false,PPD,ERROR# El monto a abonar es mayor al saldo pendiente de la factura,PAGADA,PAGADA
06E3E7D585DB46A28B88A730623CAE49,31f948de-c94b-495e-9566-0cbe6780cac6,{},375991.82,375991.82,375991.82,0,0,375991.82,1.69328E+12,LINK#GRAPH#PAYMENT,true,true,f05b3cef0101c19eab0e76f0527ba497,GRAPH,false,false,PPD,ERROR# El monto a abonar es mayor al saldo pendiente de la factura,PAGADA,PAGADA
06E3E7D585DB46A28B88A730623CAE49,5d1a1920-7be0-41c5-a8a8-eb02497572ca,{},375991.82,375991.82,375991.82,0,0,375991.82,1.69334E+12,LINK#GRAPH#PAYMENT,true,true,f05b3cef0101c19eab0e76f0527ba497,GRAPH,false,false,PPD,ERROR# El monto a abonar es mayor al saldo pendiente de la factura,PAGADA,PAGADA
06E3E7D585DB46A28B88A730623CAE49,64c669d1-81a4-4de5-9940-3c7ef3916753,{},375991.82,375991.82,0,0,375991.82,375991.82,1.69328E+12,LINK#GRAPH#PAYMENT,true,false,f05b3cef0101c19eab0e76f0527ba497,GRAPH,false,false,PPD,SUCCESS,PAGADA,PENDIENTE
06E3E7D585DB46A28B88A730623CAE49,6641ade0-4aa0-4304-b519-110728406348,{},375991.82,375991.82,375991.82,0,0,375991.82,1.69462E+12,LINK#GRAPH#PAYMENT,true,true,f05b3cef0101c19eab0e76f0527ba497,GRAPH,false,false,PPD,ERROR# El monto a abonar es mayor al saldo pendiente de la factura,PAGADA,PAGADA
06E3E7D585DB46A28B88A730623CAE49,8479e38e-3876-44fc-ba6f-164c5a5ab6ee,{},375991.82,375991.82,375991.82,0,0,375991.82,1.69335E+12,LINK#GRAPH#PAYMENT,true,true,f05b3cef0101c19eab0e76f0527ba497,GRAPH,false,false,PPD,ERROR# El monto a abonar es mayor al saldo pendiente de la factura,PAGADA,PAGADA
06E3E7D585DB46A28B88A730623CAE49,9914085a-c6e9-4e5f-868f-af062195bd8d,{},375991.82,375991.82,375991.82,0,0,375991.82,1.69334E+12,LINK#GRAPH#PAYMENT,true,true,f05b3cef0101c19eab0e76f0527ba497,GRAPH,false,false,PPD,ERROR# El monto a abonar es mayor al saldo pendiente de la factura,PAGADA,PAGADA
06E3E7D585DB46A28B88A730623CAE49,b72ab146-9de4-4ce8-a7fe-2089e46057e3,{},375991.82,375991.82,375991.82,0,0,375991.82,1.69328E+12,LINK#GRAPH#PAYMENT,true,true,f05b3cef0101c19eab0e76f0527ba497,GRAPH,false,false,PPD,ERROR# El monto a abonar es mayor al saldo pendiente de la factura,PAGADA,PAGADA
06E3E7D585DB46A28B88A730623CAE49,c3b03cef-20c8-450e-82f0-f969d3d5b103,{},375991.82,375991.82,375991.82,0,0,375991.82,1.69406E+12,LINK#GRAPH#PAYMENT,true,true,f05b3cef0101c19eab0e76f0527ba497,GRAPH,false,false,PPD,ERROR# El monto a abonar es mayor al saldo pendiente de la factura,PAGADA,PAGADA
06E3E7D585DB46A28B88A730623CAE49,c9f219cc-def5-4628-b27e-e83a8d2f7504,{},375991.82,375991.82,375991.82,0,0,375991.82,1.69419E+12,LINK#GRAPH#PAYMENT,true,true,f05b3cef0101c19eab0e76f0527ba497,GRAPH,false,false,PPD,ERROR# El monto a abonar es mayor al saldo pendiente de la factura,PAGADA,PAGADA
06E3E7D585DB46A28B88A730623CAE49,dbea26c7-20f8-41d4-87b8-a2e4ea7dfea7,{},375991.82,375991.82,375991.82,0,0,375991.82,1.69328E+12,LINK#GRAPH#PAYMENT,true,true,f05b3cef0101c19eab0e76f0527ba497,GRAPH,false,false,PPD,ERROR# El monto a abonar es mayor al saldo pendiente de la factura,PAGADA,PAGADA
06E3E7D585DB46A28B88A730623CAE49,e8ece0f1-a232-4aa9-a43d-4a3e13836243,{},375991.82,375991.82,375991.82,0,0,375991.82,1.69447E+12,LINK#GRAPH#PAYMENT,true,true,f05b3cef0101c19eab0e76f0527ba497,GRAPH,false,false,PPD,ERROR# El monto a abonar es mayor al saldo pendiente de la factura,PAGADA,PAGADA
B472DEED2CCF5300B360A87DD237303B,53a9374a-e6c8-4bdb-b9e6-14c3311be47f,{},3306,3306,0,0,3306,3306,1.69447E+12,LINK#GRAPH#PAYMENT,true,false,1c3c6879c9c3e75d64db47c291245f62,GRAPH,false,false,PPD,SUCCESS,PAGADA,PENDIENTE
B472DEED2CCF5300B360A87DD237303B,c76632b5-9874-40b1-9c2a-3bd0790e4a74,{},3306,3306,3306,0,0,3306,1.69462E+12,LINK#GRAPH#PAYMENT,true,true,1c3c6879c9c3e75d64db47c291245f62,GRAPH,false,false,PPD,ERROR# El monto a abonar es mayor al saldo pendiente de la factura,PAGADA,PAGADA
378D85E70CF64C549E2AA43C7372784E,1d2e8333-7e9b-487a-9f34-f2d718c39806,{},8726.99,8726.99,8726.99,0,0,8726.99,1.69334E+12,LINK#GRAPH#PAYMENT,true,true,8c484d1649f27ddead7276e23aecb78f,GRAPH,false,false,PUE,ERROR# El monto a abonar es mayor al saldo pendiente de la factura,PAGADA,PAGADA
378D85E70CF64C549E2AA43C7372784E,2d33ffa4-1908-4d9a-ae6d-926fa56785a0,{},8726.99,8726.99,0,0,8726.99,8726.99,1.69334E+12,LINK#GRAPH#PAYMENT,true,false,8c484d1649f27ddead7276e23aecb78f,GRAPH,false,false,PUE,SUCCESS,PAGADA,PENDIENTE
378D85E70CF64C549E2AA43C7372784E,7a5e4fcb-3242-4d84-9dda-366ab9b7a619,{},8726.99,8726.99,8726.99,0,0,8726.99,1.69345E+12,LINK#GRAPH#PAYMENT,true,true,8c484d1649f27ddead7276e23aecb78f,GRAPH,false,false,PUE,ERROR# El monto a abonar es mayor al saldo pendiente de la factura,PAGADA,PAGADA
378D85E70CF64C549E2AA43C7372784E,c3991374-4e0d-452e-98eb-2b3c39c66397,{},8726.99,8726.99,8726.99,0,0,8726.99,1.69406E+12,LINK#GRAPH#PAYMENT,true,true,8c484d1649f27ddead7276e23aecb78f,GRAPH,false,false,PUE,ERROR# El monto a abonar es mayor al saldo pendiente de la factura,PAGADA,PAGADA
378D85E70CF64C549E2AA43C7372784E,fd9d8c20-df1c-4d07-b98c-dd9e87693686,{},8726.99,8726.99,8726.99,0,0,8726.99,1.69335E+12,LINK#GRAPH#PAYMENT,true,true,8c484d1649f27ddead7276e23aecb78f,GRAPH,false,false,PUE,ERROR# El monto a abonar es mayor al saldo pendiente de la factura,PAGADA,PAGADA
A6FA04584E2B4A2B97891267FECD61FC,0e014ff1-7188-46ec-9ce5-c095c89925e2,{},198352.95,198352.95,198352.95,0,0,198352.95,1.69406E+12,LINK#GRAPH#PAYMENT,true,true,c443bf5848a67463285c7efe27c78265,GRAPH,false,false,PPD,ERROR# El monto a abonar es mayor al saldo pendiente de la factura,PAGADA,PAGADA
A6FA04584E2B4A2B97891267FECD61FC,37e81868-1cd9-485e-b712-1efeb8c86517,{},198352.95,198352.95,198352.95,0,0,198352.95,1.69328E+12,CONFIRM#PAYMENT,true,true,c443bf5848a67463285c7efe27c78265,MANUAL,false,false,PPD,SUCCESS,PAGADA,PAGADA
A6FA04584E2B4A2B97891267FECD61FC,53916215-64df-4519-9a4b-931616867519,{},198352.95,198352.95,198352.95,0,0,198352.95,1.69419E+12,LINK#GRAPH#PAYMENT,true,true,c443bf5848a67463285c7efe27c78265,GRAPH,false,false,PPD,ERROR# El monto a abonar es mayor al saldo pendiente de la factura,PAGADA,PAGADA
A6FA04584E2B4A2B97891267FECD61FC,5a9e3a86-9e5d-42f3-b29d-5aa933a24792,{},198352.95,198352.95,198352.95,0,0,198352.95,1.69419E+12,LINK#GRAPH#PAYMENT,true,true,c443bf5848a67463285c7efe27c78265,GRAPH,false,false,PPD,ERROR# El monto a abonar es mayor al saldo pendiente de la factura,PAGADA,PAGADA
A6FA04584E2B4A2B97891267FECD61FC,5ead5b0f-9fe0-4b1d-ae21-195931fba924,{},198352.95,198352.95,198352.95,0,0,198352.95,1.69328E+12,LINK#GRAPH#PAYMENT,true,true,c443bf5848a67463285c7efe27c78265,GRAPH,false,false,PPD,ERROR# El monto a abonar es mayor al saldo pendiente de la factura,PAGADA,PAGADA
A6FA04584E2B4A2B97891267FECD61FC,6350596f-831c-44e5-aff9-5031a21b0420,{},198352.95,198352.95,198352.95,0,0,198352.95,1.69334E+12,LINK#GRAPH#PAYMENT,true,true,c443bf5848a67463285c7efe27c78265,GRAPH,false,false,PPD,ERROR# El monto a abonar es mayor al saldo pendiente de la factura,PAGADA,PAGADA
A6FA04584E2B4A2B97891267FECD61FC,64649152-af26-4830-a843-f96d5c6dd365,{},198352.95,198352.95,198352.95,0,0,198352.95,1.69462E+12,LINK#GRAPH#PAYMENT,true,true,c443bf5848a67463285c7efe27c78265,GRAPH,false,false,PPD,ERROR# El monto a abonar es mayor al saldo pendiente de la factura,PAGADA,PAGADA
A6FA04584E2B4A2B97891267FECD61FC,7e61756a-a503-4cc7-850e-1b434960dc1c,{},198352.95,198352.95,198352.95,0,0,198352.95,1.69334E+12,LINK#GRAPH#PAYMENT,true,true,c443bf5848a67463285c7efe27c78265,GRAPH,false,false,PPD,ERROR# El monto a abonar es mayor al saldo pendiente de la factura,PAGADA,PAGADA
A6FA04584E2B4A2B97891267FECD61FC,83cfb62f-22ea-42d2-9de9-61fd49a655a2,{},198352.95,198352.95,198352.95,0,0,198352.95,1.69328E+12,LINK#GRAPH#PAYMENT,true,true,c443bf5848a67463285c7efe27c78265,GRAPH,false,false,PPD,ERROR# El monto a abonar es mayor al saldo pendiente de la factura,PAGADA,PAGADA
A6FA04584E2B4A2B97891267FECD61FC,859c5de6-63c6-482d-a4a8-d3ad7d478f37,{},198352.95,198352.95,0,0,198352.95,198352.95,1.69328E+12,LINK#GRAPH#PAYMENT,true,false,c443bf5848a67463285c7efe27c78265,GRAPH,false,false,PPD,SUCCESS,PAGADA,PENDIENTE
A6FA04584E2B4A2B97891267FECD61FC,98b66404-b3e9-4b49-a120-bd014948cce7,{},198352.95,198352.95,198352.95,0,0,198352.95,1.69335E+12,LINK#GRAPH#PAYMENT,true,true,c443bf5848a67463285c7efe27c78265,GRAPH,false,false,PPD,ERROR# El monto a abonar es mayor al saldo pendiente de la factura,PAGADA,PAGADA
A6FA04584E2B4A2B97891267FECD61FC,c2d2e62f-ab27-4cf4-aad8-f80ee61c3a45,{},198352.95,198352.95,198352.95,0,0,198352.95,1.69447E+12,LINK#GRAPH#PAYMENT,true,true,c443bf5848a67463285c7efe27c78265,GRAPH,false,false,PPD,ERROR# El monto a abonar es mayor al saldo pendiente de la factura,PAGADA,PAGADA
A6FA04584E2B4A2B97891267FECD61FC,d4d91f77-ee1b-42ed-a93b-0f9f92dc0365,{},198352.95,198352.95,198352.95,0,0,198352.95,1.69345E+12,LINK#GRAPH#PAYMENT,true,true,c443bf5848a67463285c7efe27c78265,GRAPH,false,false,PPD,ERROR# El monto a abonar es mayor al saldo pendiente de la factura,PAGADA,PAGADA
A6FA04584E2B4A2B97891267FECD61FC,f096f850-abcc-4d6e-a13d-8a4ae3a5586f,{},198352.95,198352.95,198352.95,0,0,198352.95,1.69328E+12,LINK#GRAPH#PAYMENT,true,true,c443bf5848a67463285c7efe27c78265,GRAPH,false,false,PPD,ERROR# El monto a abonar es mayor al saldo pendiente de la factura,PAGADA,PAGADA
F4A0496C56E248E3998C8D5CDB91712A,2afc71ed-61dc-47e4-b5f9-25f2aa321d8a,{},3970.68,3970.68,0,0,3970.68,3970.68,1.69419E+12,LINK#GRAPH#PAYMENT,true,false,00de2b5b317ea4800e3556f82b440ce1,GRAPH,false,false,PPD,SUCCESS,PAGADA,PENDIENTE
F4A0496C56E248E3998C8D5CDB91712A,9e3720fc-b8d8-4388-bd81-8728bf0fe119,{},3970.68,3970.68,3970.68,0,0,3970.68,1.69447E+12,LINK#GRAPH#PAYMENT,true,true,00de2b5b317ea4800e3556f82b440ce1,GRAPH,false,false,PPD,ERROR# El monto a abonar es mayor al saldo pendiente de la factura,PAGADA,PAGADA
F4A0496C56E248E3998C8D5CDB91712A,ea6ea9db-93ea-4875-aaac-4d05c913d396,{},3970.68,3970.68,3970.68,0,0,3970.68,1.69462E+12,LINK#GRAPH#PAYMENT,true,true,00de2b5b317ea4800e3556f82b440ce1,GRAPH,false,false,PPD,ERROR# El monto a abonar es mayor al saldo pendiente de la factura,PAGADA,PAGADA
FD49457441484C78A16A07287E773026,0ea66b7e-02bd-48fb-b52a-8d7ace6b8da3,{},1738.84,1738.84,1738.84,0,0,1738.84,1.69447E+12,LINK#GRAPH#PAYMENT,true,true,23e0bb3236afcc563b92870e5dacf24c,GRAPH,false,false,PUE,ERROR# El monto a abonar es mayor al saldo pendiente de la factura,PAGADA,PAGADA
FD49457441484C78A16A07287E773026,1e62a3eb-5d03-4848-8da6-ea923c275224,{},1738.84,1738.84,0,0,1738.84,1738.84,1.69419E+12,LINK#GRAPH#PAYMENT,true,false,23e0bb3236afcc563b92870e5dacf24c,GRAPH,false,false,PUE,SUCCESS,PAGADA,PENDIENTE
FD49457441484C78A16A07287E773026,730d2e1a-2718-4fa2-b872-8e32badad41e,{},1738.84,1738.84,1738.84,0,0,1738.84,1.69462E+12,LINK#GRAPH#PAYMENT,true,true,23e0bb3236afcc563b92870e5dacf24c,GRAPH,false,false,PUE,ERROR# El monto a abonar es mayor al saldo pendiente de la factura,PAGADA,PAGADA
1A9DEA3AB3B2411EAE53A81590B52359,0c0de0dc-a3cf-4f9c-8f91-bda985877c88,{},62769.92,62769.92,62769.92,0,0,62769.92,1.69406E+12,LINK#GRAPH#PAYMENT,true,true,e05c5f924e930f609ea4788fb60d815d,GRAPH,false,false,PPD,ERROR# El monto a abonar es mayor al saldo pendiente de la factura,PAGADA,PAGADA
1A9DEA3AB3B2411EAE53A81590B52359,7b2b81ce-9cfd-4668-8c07-3b5eefd427d0,{},62769.92,62769.92,62769.92,0,0,62769.92,1.69328E+12,LINK#GRAPH#PAYMENT,true,true,e05c5f924e930f609ea4788fb60d815d,GRAPH,false,false,PPD,ERROR# El monto a abonar es mayor al saldo pendiente de la factura,PAGADA,PAGADA
1A9DEA3AB3B2411EAE53A81590B52359,7d0deaa6-7645-4594-a26b-a8c938e85077,{},62769.92,62769.92,62769.92,0,0,62769.92,1.69334E+12,LINK#GRAPH#PAYMENT,true,true,e05c5f924e930f609ea4788fb60d815d,GRAPH,false,false,PPD,ERROR# El monto a abonar es mayor al saldo pendiente de la factura,PAGADA,PAGADA
1A9DEA3AB3B2411EAE53A81590B52359,7f765bd1-c768-43e6-a235-7a39d26c9d69,{},62769.92,62769.92,62769.92,0,0,62769.92,1.69345E+12,LINK#GRAPH#PAYMENT,true,true,e05c5f924e930f609ea4788fb60d815d,GRAPH,false,false,PPD,ERROR# El monto a abonar es mayor al saldo pendiente de la factura,PAGADA,PAGADA
1A9DEA3AB3B2411EAE53A81590B52359,873dd3c1-06ef-436e-9414-03d33856d791,{},62769.92,62769.92,62769.92,0,0,62769.92,1.69334E+12,LINK#GRAPH#PAYMENT,true,true,e05c5f924e930f609ea4788fb60d815d,GRAPH,false,false,PPD,ERROR# El monto a abonar es mayor al saldo pendiente de la factura,PAGADA,PAGADA
1A9DEA3AB3B2411EAE53A81590B52359,99c7442c-ae37-414c-ad58-888c09850208,{},62769.92,62769.92,62769.92,0,0,62769.92,1.69328E+12,LINK#GRAPH#PAYMENT,true,true,e05c5f924e930f609ea4788fb60d815d,GRAPH,false,false,PPD,ERROR# El monto a abonar es mayor al saldo pendiente de la factura,PAGADA,PAGADA
1A9DEA3AB3B2411EAE53A81590B52359,e6d2b54c-5b97-4b49-951d-4a5529013429,{},62769.92,62769.92,62769.92,0,0,62769.92,1.69328E+12,LINK#GRAPH#PAYMENT,true,true,e05c5f924e930f609ea4788fb60d815d,GRAPH,false,false,PPD,ERROR# El monto a abonar es mayor al saldo pendiente de la factura,PAGADA,PAGADA
1A9DEA3AB3B2411EAE53A81590B52359,eea54120-a6ea-408e-840d-983b8e83fb9d,{},62769.92,62769.92,62769.92,0,0,62769.92,1.69335E+12,LINK#GRAPH#PAYMENT,true,true,e05c5f924e930f609ea4788fb60d815d,GRAPH,false,false,PPD,ERROR# El monto a abonar es mayor al saldo pendiente de la factura,PAGADA,PAGADA
1A9DEA3AB3B2411EAE53A81590B52359,f856d804-5563-41a3-b9b3-62e73ac00bc9,{},62769.92,62769.92,0,0,62769.92,62769.92,1.69328E+12,LINK#GRAPH#PAYMENT,true,false,e05c5f924e930f609ea4788fb60d815d,GRAPH,false,false,PPD,SUCCESS,PAGADA,PENDIENTE
E963D0B06324431BACB9AC3E65C36B05,04d65da9-b334-4f49-b26a-0be18b43d522,{},188288.72,188288.72,0,0,188288.72,188288.72,1.69334E+12,LINK#GRAPH#PAYMENT,true,false,871277bb747e13beadc21bee5baabab9,GRAPH,false,false,PPD,SUCCESS,PAGADA,PENDIENTE
E963D0B06324431BACB9AC3E65C36B05,4a7b854c-1f26-456f-a5a7-0ff0fd477e1d,{},188288.72,188288.72,188288.72,0,0,188288.72,1.69419E+12,LINK#GRAPH#PAYMENT,true,true,871277bb747e13beadc21bee5baabab9,GRAPH,false,false,PPD,ERROR# El monto a abonar es mayor al saldo pendiente de la factura,PAGADA,PAGADA
E963D0B06324431BACB9AC3E65C36B05,61bb7eb1-e532-4ede-a753-4ca33b692f37,{},188288.72,188288.72,188288.72,0,0,188288.72,1.69345E+12,LINK#GRAPH#PAYMENT,true,true,871277bb747e13beadc21bee5baabab9,GRAPH,false,false,PPD,ERROR# El monto a abonar es mayor al saldo pendiente de la factura,PAGADA,PAGADA
E963D0B06324431BACB9AC3E65C36B05,68548805-15c3-4617-8b76-91a6a0b6ccb6,{},188288.72,188288.72,188288.72,0,0,188288.72,1.69419E+12,LINK#GRAPH#PAYMENT,true,true,871277bb747e13beadc21bee5baabab9,GRAPH,false,false,PPD,ERROR# El monto a abonar es mayor al saldo pendiente de la factura,PAGADA,PAGADA
E963D0B06324431BACB9AC3E65C36B05,889bbcdf-93f8-41e5-84cd-dea9e6f81917,{},188288.72,188288.72,188288.72,0,0,188288.72,1.69334E+12,LINK#GRAPH#PAYMENT,true,true,871277bb747e13beadc21bee5baabab9,GRAPH,false,false,PPD,ERROR# El monto a abonar es mayor al saldo pendiente de la factura,PAGADA,PAGADA
E963D0B06324431BACB9AC3E65C36B05,b284c0c8-1f10-4cf7-bfac-a71d5cb19616,{},188288.72,188288.72,188288.72,0,0,188288.72,1.69462E+12,LINK#GRAPH#PAYMENT,true,true,871277bb747e13beadc21bee5baabab9,GRAPH,false,false,PPD,ERROR# El monto a abonar es mayor al saldo pendiente de la factura,PAGADA,PAGADA
E963D0B06324431BACB9AC3E65C36B05,b5d21234-bd5e-493b-acd8-1365afc9aa0a,{},188288.72,188288.72,188288.72,0,0,188288.72,1.69335E+12,LINK#GRAPH#PAYMENT,true,true,871277bb747e13beadc21bee5baabab9,GRAPH,false,false,PPD,ERROR# El monto a abonar es mayor al saldo pendiente de la factura,PAGADA,PAGADA
E963D0B06324431BACB9AC3E65C36B05,c70a9935-46ad-47e0-8490-e8f90e0666cf,{},188288.72,188288.72,188288.72,0,0,188288.72,1.69447E+12,LINK#GRAPH#PAYMENT,true,true,871277bb747e13beadc21bee5baabab9,GRAPH,false,false,PPD,ERROR# El monto a abonar es mayor al saldo pendiente de la factura,PAGADA,PAGADA
E963D0B06324431BACB9AC3E65C36B05,fdba7819-d602-4ae5-b52c-bb3f76b19e37,{},188288.72,188288.72,188288.72,0,0,188288.72,1.69406E+12,LINK#GRAPH#PAYMENT,true,true,871277bb747e13beadc21bee5baabab9,GRAPH,false,false,PPD,ERROR# El monto a abonar es mayor al saldo pendiente de la factura,PAGADA,PAGADA
85E5F4BD1AD749828D5497D5B0767629,ccf0b8e4-61b3-4a47-88ee-4bf423b5c051,{},13688,13688,13688,0,0,13688,1.69462E+12,LINK#GRAPH#PAYMENT,true,true,6d5390f3c0c0ad39bc10a79d9069c9f6,GRAPH,false,false,PUE,ERROR# El monto a abonar es mayor al saldo pendiente de la factura,PAGADA,PAGADA
85E5F4BD1AD749828D5497D5B0767629,fcba86c7-d288-4269-acc4-419bb5e30abd,{},13688,13688,0,0,13688,13688,1.69447E+12,LINK#GRAPH#PAYMENT,true,false,6d5390f3c0c0ad39bc10a79d9069c9f6,GRAPH,false,false,PUE,SUCCESS,PAGADA,PENDIENTE
F00EA1A6E905556B85C42F9BF4F9281F,024217fc-8530-4c34-911a-7969e38bd5cb,{},1506.84,0,0,1506.84,1506.84,1506.84,1.69406E+12,UNLINK#GRAPH#PAYMENT,false,false,945b4382ca6f14dab8e6bd0e43e491c9,GRAPH,false,false,PUE,ERROR# NO SE PUEDE DESCONTAR SALDO A UNA FACTURA CON MONTO PAGADO EN CERO,VENCIDA,VENCIDA
F00EA1A6E905556B85C42F9BF4F9281F,573090a0-dd26-4dce-b278-385eb5e49348,{},1506.84,0,0,1506.84,1506.84,1506.84,1.69345E+12,UNLINK#GRAPH#PAYMENT,false,false,b48b464760f4e8d6a085cd61da934cea,GRAPH,false,false,PUE,ERROR# NO SE PUEDE DESCONTAR SALDO A UNA FACTURA CON MONTO PAGADO EN CERO,PENDIENTE,PENDIENTE
F00EA1A6E905556B85C42F9BF4F9281F,a6d03c78-a525-4bae-a5a1-3f113d5d23e0,{},1506.84,0,0,1506.84,1506.84,1506.84,1.69406E+12,UNLINK#GRAPH#PAYMENT,false,false,b48b464760f4e8d6a085cd61da934cea,GRAPH,false,false,PUE,ERROR# NO SE PUEDE DESCONTAR SALDO A UNA FACTURA CON MONTO PAGADO EN CERO,VENCIDA,VENCIDA
F00EA1A6E905556B85C42F9BF4F9281F,c8a4b2b6-6d32-49ae-84fd-6c2500b77134,{},1506.84,0,0,1506.84,1506.84,1506.84,1.69345E+12,UNLINK#GRAPH#PAYMENT,false,false,945b4382ca6f14dab8e6bd0e43e491c9,GRAPH,false,false,PUE,ERROR# NO SE PUEDE DESCONTAR SALDO A UNA FACTURA CON MONTO PAGADO EN CERO,PENDIENTE,PENDIENTE
F2FDE966B491436E8F2AF3BAF39F4662,1dc5aaab-c039-4644-99b0-7c9136a4ca91,{},160691,160691,160691,0,0,160691,1.69334E+12,LINK#GRAPH#PAYMENT,true,true,a4002a6d350ace3f3f1c02b5000d2039,GRAPH,false,false,PPD,ERROR# El monto a abonar es mayor al saldo pendiente de la factura,PAGADA,PAGADA
F2FDE966B491436E8F2AF3BAF39F4662,535f9481-f7cc-4594-b09c-d83d04ad7ec9,{},160691,160691,160691,0,0,160691,1.69328E+12,LINK#GRAPH#PAYMENT,true,true,a4002a6d350ace3f3f1c02b5000d2039,GRAPH,false,false,PPD,ERROR# El monto a abonar es mayor al saldo pendiente de la factura,PAGADA,PAGADA
F2FDE966B491436E8F2AF3BAF39F4662,5ba13afb-32ef-4d17-9f9b-8e8843c3f137,{},160691,160691,160691,0,0,160691,1.69447E+12,LINK#GRAPH#PAYMENT,true,true,a4002a6d350ace3f3f1c02b5000d2039,GRAPH,false,false,PPD,ERROR# El monto a abonar es mayor al saldo pendiente de la factura,PAGADA,PAGADA
F2FDE966B491436E8F2AF3BAF39F4662,905ce061-e492-42c1-ba81-f5423bab59b7,{},160691,160691,160691,0,0,160691,1.69335E+12,LINK#GRAPH#PAYMENT,true,true,a4002a6d350ace3f3f1c02b5000d2039,GRAPH,false,false,PPD,ERROR# El monto a abonar es mayor al saldo pendiente de la factura,PAGADA,PAGADA
F2FDE966B491436E8F2AF3BAF39F4662,a14a508f-daf2-483e-9d01-a6f60de8ffb5,{},160691,160691,0,0,160691,160691,1.69328E+12,LINK#GRAPH#PAYMENT,true,false,a4002a6d350ace3f3f1c02b5000d2039,GRAPH,false,false,PPD,SUCCESS,PAGADA,PENDIENTE
F2FDE966B491436E8F2AF3BAF39F4662,b8097878-8bd3-4029-8fbe-dd00d3b7aba1,{},160691,160691,160691,0,0,160691,1.69406E+12,LINK#GRAPH#PAYMENT,true,true,a4002a6d350ace3f3f1c02b5000d2039,GRAPH,false,false,PPD,ERROR# El monto a abonar es mayor al saldo pendiente de la factura,PAGADA,PAGADA
F2FDE966B491436E8F2AF3BAF39F4662,be6f4027-1f8b-49bd-918f-2cbfcdd3873f,{},160691,160691,160691,0,0,160691,1.69462E+12,LINK#GRAPH#PAYMENT,true,true,a4002a6d350ace3f3f1c02b5000d2039,GRAPH,false,false,PPD,ERROR# El monto a abonar es mayor al saldo pendiente de la factura,PAGADA,PAGADA
F2FDE966B491436E8F2AF3BAF39F4662,d9cf86ea-81e9-4ace-8e00-91b9910c602c,{},160691,160691,160691,0,0,160691,1.69419E+12,LINK#GRAPH#PAYMENT,true,true,a4002a6d350ace3f3f1c02b5000d2039,GRAPH,false,false,PPD,ERROR# El monto a abonar es mayor al saldo pendiente de la factura,PAGADA,PAGADA
F2FDE966B491436E8F2AF3BAF39F4662,da044711-7905-43b1-b040-4073d0903008,{},160691,160691,160691,0,0,160691,1.69345E+12,LINK#GRAPH#PAYMENT,true,true,a4002a6d350ace3f3f1c02b5000d2039,GRAPH,false,false,PPD,ERROR# El monto a abonar es mayor al saldo pendiente de la factura,PAGADA,PAGADA
F2FDE966B491436E8F2AF3BAF39F4662,e449d318-5944-4b5b-b3ed-4ccdc0570047,{},160691,160691,160691,0,0,160691,1.69334E+12,LINK#GRAPH#PAYMENT,true,true,a4002a6d350ace3f3f1c02b5000d2039,GRAPH,false,false,PPD,ERROR# El monto a abonar es mayor al saldo pendiente de la factura,PAGADA,PAGADA
F2FDE966B491436E8F2AF3BAF39F4662,e9684098-47b4-453e-aac5-adbed3cf21bd,{},160691,160691,160691,0,0,160691,1.69328E+12,LINK#GRAPH#PAYMENT,true,true,a4002a6d350ace3f3f1c02b5000d2039,GRAPH,false,false,PPD,ERROR# El monto a abonar es mayor al saldo pendiente de la factura,PAGADA,PAGADA
F2FDE966B491436E8F2AF3BAF39F4662,f5f77e49-92f7-483d-8e91-9c83db6c4008,{},160691,160691,160691,0,0,160691,1.69419E+12,LINK#GRAPH#PAYMENT,true,true,a4002a6d350ace3f3f1c02b5000d2039,GRAPH,false,false,PPD,ERROR# El monto a abonar es mayor al saldo pendiente de la factura,PAGADA,PAGADA
F2FDE966B491436E8F2AF3BAF39F4662,f7ee92de-97e9-4d26-9335-eb495ed7d348,{},160691,160691,160691,0,0,160691,1.69328E+12,LINK#GRAPH#PAYMENT,true,true,a4002a6d350ace3f3f1c02b5000d2039,GRAPH,false,false,PPD,ERROR# El monto a abonar es mayor al saldo pendiente de la factura,PAGADA,PAGADA
77B7E59D7EB54F2597211F6DA1269BE3,22314929-d2fa-40d3-a880-488e3b2fa2ee,{},11241.4,0,0,11241.4,11241.4,11241.4,1.69419E+12,UNLINK#GRAPH#PAYMENT,false,false,b42dec1efa7f5060575418890e92e182,GRAPH,false,false,PPD,ERROR# NO SE PUEDE DESCONTAR SALDO A UNA FACTURA CON MONTO PAGADO EN CERO,PENDIENTE,PENDIENTE
77B7E59D7EB54F2597211F6DA1269BE3,35f9db34-4945-4eb2-a216-318d94a6fd3c,{},11241.4,0,0,11241.4,11241.4,11241.4,1.69345E+12,UNLINK#GRAPH#PAYMENT,false,false,b42dec1efa7f5060575418890e92e182,GRAPH,false,false,PPD,ERROR# NO SE PUEDE DESCONTAR SALDO A UNA FACTURA CON MONTO PAGADO EN CERO,PENDIENTE,PENDIENTE
77B7E59D7EB54F2597211F6DA1269BE3,54ff9898-40de-4ccf-8dd2-d54beb1b52e2,{},11241.4,0,0,11241.4,11241.4,11241.4,1.69406E+12,UNLINK#GRAPH#PAYMENT,false,false,b42dec1efa7f5060575418890e92e182,GRAPH,false,false,PPD,ERROR# NO SE PUEDE DESCONTAR SALDO A UNA FACTURA CON MONTO PAGADO EN CERO,PENDIENTE,PENDIENTE
77B7E59D7EB54F2597211F6DA1269BE3,5b95f4d7-9002-4999-9325-616ab9a27b47,{},11241.4,0,0,11241.4,11241.4,11241.4,1.69447E+12,UNLINK#GRAPH#PAYMENT,false,false,b42dec1efa7f5060575418890e92e182,GRAPH,false,false,PPD,ERROR# NO SE PUEDE DESCONTAR SALDO A UNA FACTURA CON MONTO PAGADO EN CERO,PENDIENTE,PENDIENTE
77B7E59D7EB54F2597211F6DA1269BE3,6dea6dd0-82a3-4a2d-b896-3a4291eb864c,{},11241.4,0,0,11241.4,11241.4,11241.4,1.69462E+12,UNLINK#GRAPH#PAYMENT,false,false,98c7ea1618a0781b2207f3101036c9c1,GRAPH,false,false,PPD,ERROR# NO SE PUEDE DESCONTAR SALDO A UNA FACTURA CON MONTO PAGADO EN CERO,PENDIENTE,PENDIENTE
77B7E59D7EB54F2597211F6DA1269BE3,73de8f01-cae7-41c2-99e3-f64761fa43b0,{},11241.4,0,0,11241.4,11241.4,11241.4,1.69447E+12,UNLINK#GRAPH#PAYMENT,false,false,98c7ea1618a0781b2207f3101036c9c1,GRAPH,false,false,PPD,ERROR# NO SE PUEDE DESCONTAR SALDO A UNA FACTURA CON MONTO PAGADO EN CERO,PENDIENTE,PENDIENTE
77B7E59D7EB54F2597211F6DA1269BE3,78f94d03-8eaf-4922-b674-621633411da1,{},11241.4,0,0,11241.4,11241.4,11241.4,1.69406E+12,UNLINK#GRAPH#PAYMENT,false,false,98c7ea1618a0781b2207f3101036c9c1,GRAPH,false,false,PPD,ERROR# NO SE PUEDE DESCONTAR SALDO A UNA FACTURA CON MONTO PAGADO EN CERO,PENDIENTE,PENDIENTE
77B7E59D7EB54F2597211F6DA1269BE3,79aa5e7c-1dbe-4cfa-a655-9a6b49efeb22,{},11241.4,0,0,11241.4,11241.4,11241.4,1.69462E+12,UNLINK#GRAPH#PAYMENT,false,false,b42dec1efa7f5060575418890e92e182,GRAPH,false,false,PPD,ERROR# NO SE PUEDE DESCONTAR SALDO A UNA FACTURA CON MONTO PAGADO EN CERO,PENDIENTE,PENDIENTE
77B7E59D7EB54F2597211F6DA1269BE3,8df55170-527e-447d-8212-e1193d4e0980,{},11241.4,0,0,11241.4,11241.4,11241.4,1.69345E+12,UNLINK#GRAPH#PAYMENT,false,false,98c7ea1618a0781b2207f3101036c9c1,GRAPH,false,false,PPD,ERROR# NO SE PUEDE DESCONTAR SALDO A UNA FACTURA CON MONTO PAGADO EN CERO,PENDIENTE,PENDIENTE
77B7E59D7EB54F2597211F6DA1269BE3,97fbf3ba-625a-4b20-8193-80a552fdd277,{},11241.4,0,0,11241.4,11241.4,11241.4,1.69419E+12,UNLINK#GRAPH#PAYMENT,false,false,98c7ea1618a0781b2207f3101036c9c1,GRAPH,false,false,PPD,ERROR# NO SE PUEDE DESCONTAR SALDO A UNA FACTURA CON MONTO PAGADO EN CERO,PENDIENTE,PENDIENTE
77B7E59D7EB54F2597211F6DA1269BE3,d706e029-a49a-445d-90c0-90c536e4d79b,{},11241.4,0,0,11241.4,11241.4,11241.4,1.69419E+12,UNLINK#GRAPH#PAYMENT,false,false,b42dec1efa7f5060575418890e92e182,GRAPH,false,false,PPD,ERROR# NO SE PUEDE DESCONTAR SALDO A UNA FACTURA CON MONTO PAGADO EN CERO,PENDIENTE,PENDIENTE
77B7E59D7EB54F2597211F6DA1269BE3,fb26f56e-6a7c-4bd8-9259-05f876cd9126,{},11241.4,0,0,11241.4,11241.4,11241.4,1.69419E+12,UNLINK#GRAPH#PAYMENT,false,false,98c7ea1618a0781b2207f3101036c9c1,GRAPH,false,false,PPD,ERROR# NO SE PUEDE DESCONTAR SALDO A UNA FACTURA CON MONTO PAGADO EN CERO,PENDIENTE,PENDIENTE
E326672B24F24E79AA443E286844A40A,06e062bb-9e2c-4341-b6e5-aaf7c3288425,{},1044,1044,1044,0,0,1044,1.69328E+12,LINK#GRAPH#PAYMENT,true,true,bf841856fa05e96cb2aa3ed10e618fe3,GRAPH,false,false,PUE,ERROR# El monto a abonar es mayor al saldo pendiente de la factura,PAGADA,PAGADA
E326672B24F24E79AA443E286844A40A,1ce862a3-4e02-42d0-b949-368b57e73c76,{},1044,1044,1044,0,0,1044,1.69328E+12,LINK#GRAPH#PAYMENT,true,true,bf841856fa05e96cb2aa3ed10e618fe3,GRAPH,false,false,PUE,ERROR# El monto a abonar es mayor al saldo pendiente de la factura,PAGADA,PAGADA
E326672B24F24E79AA443E286844A40A,200adcc1-4054-493a-a236-587d7b0a95c8,{},1044,1044,1044,0,0,1044,1.69335E+12,LINK#GRAPH#PAYMENT,true,true,bf841856fa05e96cb2aa3ed10e618fe3,GRAPH,false,false,PUE,ERROR# El monto a abonar es mayor al saldo pendiente de la factura,PAGADA,PAGADA
E326672B24F24E79AA443E286844A40A,71d2ee66-4d44-4d55-b5f9-a7865c525d6c,{},1044,1044,1044,0,0,1044,1.69334E+12,LINK#GRAPH#PAYMENT,true,true,bf841856fa05e96cb2aa3ed10e618fe3,GRAPH,false,false,PUE,ERROR# El monto a abonar es mayor al saldo pendiente de la factura,PAGADA,PAGADA
E326672B24F24E79AA443E286844A40A,8b84e35d-f79f-4add-9f1d-27fa50a3b2e2,{},1044,1044,0,0,1044,1044,1.69328E+12,LINK#GRAPH#PAYMENT,true,false,bf841856fa05e96cb2aa3ed10e618fe3,GRAPH,false,false,PUE,SUCCESS,PAGADA,PENDIENTE
E326672B24F24E79AA443E286844A40A,a82b2766-d396-4e31-9c76-590474c55c54,{},1044,1044,1044,0,0,1044,1.69345E+12,LINK#GRAPH#PAYMENT,true,true,bf841856fa05e96cb2aa3ed10e618fe3,GRAPH,false,false,PUE,ERROR# El monto a abonar es mayor al saldo pendiente de la factura,PAGADA,PAGADA
E326672B24F24E79AA443E286844A40A,c52cb8bf-c73f-4d7a-9c5c-bd2ba7833c72,{},1044,1044,1044,0,0,1044,1.69334E+12,LINK#GRAPH#PAYMENT,true,true,bf841856fa05e96cb2aa3ed10e618fe3,GRAPH,false,false,PUE,ERROR# El monto a abonar es mayor al saldo pendiente de la factura,PAGADA,PAGADA
E326672B24F24E79AA443E286844A40A,cb0a9aad-0ff7-4a5c-a098-b6b56673e55b,{},1044,1044,1044,0,0,1044,1.69406E+12,LINK#GRAPH#PAYMENT,true,true,bf841856fa05e96cb2aa3ed10e618fe3,GRAPH,false,false,PUE,ERROR# El monto a abonar es mayor al saldo pendiente de la factura,PAGADA,PAGADA
E326672B24F24E79AA443E286844A40A,fe80de51-d2ed-401e-9c0b-7a96e592b0ff,{},1044,1044,1044,0,0,1044,1.69328E+12,LINK#GRAPH#PAYMENT,true,true,bf841856fa05e96cb2aa3ed10e618fe3,GRAPH,false,false,PUE,ERROR# El monto a abonar es mayor al saldo pendiente de la factura,PAGADA,PAGADA
6B9788C298CB4FBDA01DE9B61F1DEB39,4c0f0e07-9306-47e3-b1d8-b18b806240f3,{},11241.4,0,0,11241.4,11241.4,11241.4,1.69462E+12,UNLINK#GRAPH#PAYMENT,false,false,98c7ea1618a0781b2207f3101036c9c1,GRAPH,false,false,PPD,ERROR# NO SE PUEDE DESCONTAR SALDO A UNA FACTURA CON MONTO PAGADO EN CERO,PENDIENTE,PENDIENTE
6B9788C298CB4FBDA01DE9B61F1DEB39,9140d73b-2300-4728-a81f-4aa4891d7e1f,{},11241.4,0,0,11241.4,11241.4,11241.4,1.69462E+12,UNLINK#GRAPH#PAYMENT,false,false,b42dec1efa7f5060575418890e92e182,GRAPH,false,false,PPD,ERROR# NO SE PUEDE DESCONTAR SALDO A UNA FACTURA CON MONTO PAGADO EN CERO,PENDIENTE,PENDIENTE
F2373533DC1E4EE386CC3D216651D704,4c793593-a0ca-4283-a406-acd73b84d873,{},29000,29000,0,0,29000,29000,1.69419E+12,LINK#GRAPH#PAYMENT,true,false,cc7e7940f185929671b034df838383f3,GRAPH,false,false,PUE,SUCCESS,PAGADA,PENDIENTE
F2373533DC1E4EE386CC3D216651D704,5a7e265f-8824-4713-b0d0-a04d6e709fdb,{},29000,29000,29000,0,0,29000,1.69419E+12,LINK#GRAPH#PAYMENT,true,true,cc7e7940f185929671b034df838383f3,GRAPH,false,false,PUE,ERROR# El monto a abonar es mayor al saldo pendiente de la factura,PAGADA,PAGADA
F2373533DC1E4EE386CC3D216651D704,79b39214-ecfa-47ee-89af-c62cde5144b6,{},29000,29000,29000,0,0,29000,1.69419E+12,CONFIRM#PAYMENT,true,true,cc7e7940f185929671b034df838383f3,MANUAL,false,false,PUE,SUCCESS,PAGADA,PAGADA
F2373533DC1E4EE386CC3D216651D704,80e4fc1c-bcb9-4308-8a5a-82624b0198f4,{},29000,29000,29000,0,0,29000,1.69447E+12,LINK#GRAPH#PAYMENT,true,true,cc7e7940f185929671b034df838383f3,GRAPH,false,false,PUE,ERROR# El monto a abonar es mayor al saldo pendiente de la factura,PAGADA,PAGADA
F2373533DC1E4EE386CC3D216651D704,92b114b3-c86b-482a-9553-68b7d5cc9fd8,{},29000,29000,29000,0,0,29000,1.69462E+12,LINK#GRAPH#PAYMENT,true,true,cc7e7940f185929671b034df838383f3,GRAPH,false,false,PUE,ERROR# El monto a abonar es mayor al saldo pendiente de la factura,PAGADA,PAGADA
1B570BBA3C6B4FCA832789FCF7D0DDB7,0eafefd2-34a5-47ee-baac-349fc663301f,{},3963.72,3963.72,3963.72,0,0,3963.72,1.69406E+12,LINK#GRAPH#PAYMENT,true,true,204736631bc968dfc7df7cace8610cf8,GRAPH,false,false,PPD,ERROR# El monto a abonar es mayor al saldo pendiente de la factura,PAGADA,PAGADA
1B570BBA3C6B4FCA832789FCF7D0DDB7,17b42b67-8508-45dc-a514-0c5706e51eb9,{},3963.72,3963.72,3963.72,0,0,3963.72,1.69328E+12,LINK#GRAPH#PAYMENT,true,true,204736631bc968dfc7df7cace8610cf8,GRAPH,false,false,PPD,ERROR# El monto a abonar es mayor al saldo pendiente de la factura,PAGADA,PAGADA
1B570BBA3C6B4FCA832789FCF7D0DDB7,202526df-c7f9-4296-85e8-8d291c5fa480,{},3963.72,3963.72,3963.72,0,0,3963.72,1.69447E+12,LINK#GRAPH#PAYMENT,true,true,204736631bc968dfc7df7cace8610cf8,GRAPH,false,false,PPD,ERROR# El monto a abonar es mayor al saldo pendiente de la factura,PAGADA,PAGADA
1B570BBA3C6B4FCA832789FCF7D0DDB7,3e23df28-922a-47a6-b439-8d264bfcf1fe,{},3963.72,3963.72,3963.72,0,0,3963.72,1.69335E+12,LINK#GRAPH#PAYMENT,true,true,204736631bc968dfc7df7cace8610cf8,GRAPH,false,false,PPD,ERROR# El monto a abonar es mayor al saldo pendiente de la factura,PAGADA,PAGADA
1B570BBA3C6B4FCA832789FCF7D0DDB7,42d9972f-3463-4852-9644-c13b92f8b0b7,{},3963.72,3963.72,3963.72,0,0,3963.72,1.69334E+12,LINK#GRAPH#PAYMENT,true,true,204736631bc968dfc7df7cace8610cf8,GRAPH,false,false,PPD,ERROR# El monto a abonar es mayor al saldo pendiente de la factura,PAGADA,PAGADA
1B570BBA3C6B4FCA832789FCF7D0DDB7,56e49654-35e8-4176-859b-5c87258c3eed,{},3963.72,3963.72,3963.72,0,0,3963.72,1.69462E+12,LINK#GRAPH#PAYMENT,true,true,204736631bc968dfc7df7cace8610cf8,GRAPH,false,false,PPD,ERROR# El monto a abonar es mayor al saldo pendiente de la factura,PAGADA,PAGADA
1B570BBA3C6B4FCA832789FCF7D0DDB7,5e3a9f0f-cec6-45fa-a1a8-13a9eb6b2b80,{},3963.72,3963.72,3963.72,0,0,3963.72,1.69328E+12,LINK#GRAPH#PAYMENT,true,true,204736631bc968dfc7df7cace8610cf8,GRAPH,false,false,PPD,ERROR# El monto a abonar es mayor al saldo pendiente de la factura,PAGADA,PAGADA
1B570BBA3C6B4FCA832789FCF7D0DDB7,789a43de-b57b-4618-9050-cc49d2077077,{},3963.72,3963.72,3963.72,0,0,3963.72,1.69328E+12,LINK#GRAPH#PAYMENT,true,true,204736631bc968dfc7df7cace8610cf8,GRAPH,false,false,PPD,ERROR# El monto a abonar es mayor al saldo pendiente de la factura,PAGADA,PAGADA
1B570BBA3C6B4FCA832789FCF7D0DDB7,87fa9dfe-e625-4f88-9b47-f1e6b6839b1b,{},3963.72,3963.72,3963.72,0,0,3963.72,1.69345E+12,LINK#GRAPH#PAYMENT,true,true,204736631bc968dfc7df7cace8610cf8,GRAPH,false,false,PPD,ERROR# El monto a abonar es mayor al saldo pendiente de la factura,PAGADA,PAGADA
1B570BBA3C6B4FCA832789FCF7D0DDB7,94f1e78e-32a0-4b34-82a2-592137cf9cc3,{},3963.72,3963.72,0,0,3963.72,3963.72,1.69328E+12,LINK#GRAPH#PAYMENT,true,false,204736631bc968dfc7df7cace8610cf8,GRAPH,false,false,PPD,SUCCESS,PAGADA,PENDIENTE
1B570BBA3C6B4FCA832789FCF7D0DDB7,aab4b017-1dd9-4726-863a-efffdee833b2,{},3963.72,3963.72,3963.72,0,0,3963.72,1.69334E+12,LINK#GRAPH#PAYMENT,true,true,204736631bc968dfc7df7cace8610cf8,GRAPH,false,false,PPD,ERROR# El monto a abonar es mayor al saldo pendiente de la factura,PAGADA,PAGADA
1B570BBA3C6B4FCA832789FCF7D0DDB7,e5d18f12-b5ff-42e5-8aea-9648bca64123,{},3963.72,3963.72,3963.72,0,0,3963.72,1.69419E+12,LINK#GRAPH#PAYMENT,true,true,204736631bc968dfc7df7cace8610cf8,GRAPH,false,false,PPD,ERROR# El monto a abonar es mayor al saldo pendiente de la factura,PAGADA,PAGADA
1B570BBA3C6B4FCA832789FCF7D0DDB7,f4e03515-734f-4774-a996-c15c143c98a7,{},3963.72,3963.72,3963.72,0,0,3963.72,1.69419E+12,LINK#GRAPH#PAYMENT,true,true,204736631bc968dfc7df7cace8610cf8,GRAPH,false,false,PPD,ERROR# El monto a abonar es mayor al saldo pendiente de la factura,PAGADA,PAGADA
927593D87A584FFE8C0B733523CA95F6,0660fe43-3cd2-40b8-84c2-31e69c720775,{},11241.4,0,0,11241.4,11241.4,11241.4,1.69406E+12,UNLINK#GRAPH#PAYMENT,false,false,98c7ea1618a0781b2207f3101036c9c1,GRAPH,false,false,PPD,ERROR# NO SE PUEDE DESCONTAR SALDO A UNA FACTURA CON MONTO PAGADO EN CERO,VENCIDA,VENCIDA
927593D87A584FFE8C0B733523CA95F6,079ca05c-f5ea-4a45-932b-bbee943a10d7,{},11241.4,0,0,11241.4,11241.4,11241.4,1.69447E+12,UNLINK#GRAPH#PAYMENT,false,false,b42dec1efa7f5060575418890e92e182,GRAPH,false,false,PPD,ERROR# NO SE PUEDE DESCONTAR SALDO A UNA FACTURA CON MONTO PAGADO EN CERO,VENCIDA,VENCIDA
927593D87A584FFE8C0B733523CA95F6,0daa1616-e82b-4c8d-8013-87649f81f7e8,{},11241.4,0,0,11241.4,11241.4,11241.4,1.69345E+12,UNLINK#GRAPH#PAYMENT,false,false,b42dec1efa7f5060575418890e92e182,GRAPH,false,false,PPD,ERROR# NO SE PUEDE DESCONTAR SALDO A UNA FACTURA CON MONTO PAGADO EN CERO,VENCIDA,VENCIDA
927593D87A584FFE8C0B733523CA95F6,162d6213-db87-4a37-b744-d8208fb83800,{},11241.4,0,0,11241.4,11241.4,11241.4,1.69419E+12,UNLINK#GRAPH#PAYMENT,false,false,98c7ea1618a0781b2207f3101036c9c1,GRAPH,false,false,PPD,ERROR# NO SE PUEDE DESCONTAR SALDO A UNA FACTURA CON MONTO PAGADO EN CERO,VENCIDA,VENCIDA
927593D87A584FFE8C0B733523CA95F6,1e95b588-8b1e-4384-8e0d-2c16d18d4031,{},11241.4,0,0,11241.4,11241.4,11241.4,1.69447E+12,UNLINK#GRAPH#PAYMENT,false,false,98c7ea1618a0781b2207f3101036c9c1,GRAPH,false,false,PPD,ERROR# NO SE PUEDE DESCONTAR SALDO A UNA FACTURA CON MONTO PAGADO EN CERO,VENCIDA,VENCIDA
927593D87A584FFE8C0B733523CA95F6,3cf9a75c-5779-440a-a90f-6e91f1a1bd09,{},11241.4,0,0,11241.4,11241.4,11241.4,1.69345E+12,UNLINK#GRAPH#PAYMENT,false,false,98c7ea1618a0781b2207f3101036c9c1,GRAPH,false,false,PPD,ERROR# NO SE PUEDE DESCONTAR SALDO A UNA FACTURA CON MONTO PAGADO EN CERO,VENCIDA,VENCIDA
927593D87A584FFE8C0B733523CA95F6,4d70c0ff-c353-4aa4-ad5f-84fa80c4487c,{},11241.4,0,0,11241.4,11241.4,11241.4,1.69406E+12,UNLINK#GRAPH#PAYMENT,false,false,b42dec1efa7f5060575418890e92e182,GRAPH,false,false,PPD,ERROR# NO SE PUEDE DESCONTAR SALDO A UNA FACTURA CON MONTO PAGADO EN CERO,VENCIDA,VENCIDA
927593D87A584FFE8C0B733523CA95F6,71cf2b1d-aaff-414a-bbd9-95d99eab64fa,{},11241.4,0,0,11241.4,11241.4,11241.4,1.69462E+12,UNLINK#GRAPH#PAYMENT,false,false,98c7ea1618a0781b2207f3101036c9c1,GRAPH,false,false,PPD,ERROR# NO SE PUEDE DESCONTAR SALDO A UNA FACTURA CON MONTO PAGADO EN CERO,VENCIDA,VENCIDA
927593D87A584FFE8C0B733523CA95F6,7525c0af-2583-4ab8-978d-0a72612be578,{},11241.4,0,0,11241.4,11241.4,11241.4,1.69419E+12,UNLINK#GRAPH#PAYMENT,false,false,b42dec1efa7f5060575418890e92e182,GRAPH,false,false,PPD,ERROR# NO SE PUEDE DESCONTAR SALDO A UNA FACTURA CON MONTO PAGADO EN CERO,VENCIDA,VENCIDA
927593D87A584FFE8C0B733523CA95F6,a1e6820d-da55-4e7c-a7c8-efdfa7866610,{},11241.4,0,0,11241.4,11241.4,11241.4,1.69419E+12,UNLINK#GRAPH#PAYMENT,false,false,b42dec1efa7f5060575418890e92e182,GRAPH,false,false,PPD,ERROR# NO SE PUEDE DESCONTAR SALDO A UNA FACTURA CON MONTO PAGADO EN CERO,VENCIDA,VENCIDA
927593D87A584FFE8C0B733523CA95F6,e3829786-abd6-40f5-84cb-97961f55ebd8,{},11241.4,0,0,11241.4,11241.4,11241.4,1.69462E+12,UNLINK#GRAPH#PAYMENT,false,false,b42dec1efa7f5060575418890e92e182,GRAPH,false,false,PPD,ERROR# NO SE PUEDE DESCONTAR SALDO A UNA FACTURA CON MONTO PAGADO EN CERO,VENCIDA,VENCIDA
927593D87A584FFE8C0B733523CA95F6,e578ed91-9127-423e-ae3b-9fb8bd009fcc,{},11241.4,0,0,11241.4,11241.4,11241.4,1.69419E+12,UNLINK#GRAPH#PAYMENT,false,false,98c7ea1618a0781b2207f3101036c9c1,GRAPH,false,false,PPD,ERROR# NO SE PUEDE DESCONTAR SALDO A UNA FACTURA CON MONTO PAGADO EN CERO,VENCIDA,VENCIDA
932713A2CBEA43129AA651838FD18442,2b0f9097-a77e-41ad-a3be-32b5b6d58f1d,{},21112,21112,0,0,21112,21112,1.69447E+12,LINK#GRAPH#PAYMENT,true,false,bc0b8e64251bc5b7ad7e2b865e7aee41,GRAPH,false,false,PUE,SUCCESS,PAGADA,PENDIENTE
932713A2CBEA43129AA651838FD18442,abc793d2-1347-4daa-a6ad-9e1cc1709bf1,{},21112,21112,21112,0,0,21112,1.69462E+12,LINK#GRAPH#PAYMENT,true,true,bc0b8e64251bc5b7ad7e2b865e7aee41,GRAPH,false,false,PUE,ERROR# El monto a abonar es mayor al saldo pendiente de la factura,PAGADA,PAGADA
002A8537A10F4745A5BC0375FAE41EDE,4a823b12-542d-4083-827e-8829b7e5f0f7,{},2201.1,2201.1,0,0,2201.1,2201.1,1.69419E+12,LINK#GRAPH#PAYMENT,true,false,a33d95b13146ea82e4584166f24919fd,GRAPH,false,false,PPD,SUCCESS,PAGADA,PENDIENTE
002A8537A10F4745A5BC0375FAE41EDE,553b3b6f-fea1-4eeb-b049-2701f71bf89d,{},2201.1,2201.1,2201.1,0,0,2201.1,1.69447E+12,LINK#GRAPH#PAYMENT,true,true,a33d95b13146ea82e4584166f24919fd,GRAPH,false,false,PPD,ERROR# El monto a abonar es mayor al saldo pendiente de la factura,PAGADA,PAGADA
002A8537A10F4745A5BC0375FAE41EDE,63e8e87b-565d-4e24-9ae3-f7465377bd0b,{},2201.1,2201.1,2201.1,0,0,2201.1,1.69419E+12,LINK#GRAPH#PAYMENT,true,true,a33d95b13146ea82e4584166f24919fd,GRAPH,false,false,PPD,ERROR# El monto a abonar es mayor al saldo pendiente de la factura,PAGADA,PAGADA
002A8537A10F4745A5BC0375FAE41EDE,9898fa47-2050-4299-b3be-a9b5e416b573,{},2201.1,2201.1,2201.1,0,0,2201.1,1.69462E+12,LINK#GRAPH#PAYMENT,true,true,a33d95b13146ea82e4584166f24919fd,GRAPH,false,false,PPD,ERROR# El monto a abonar es mayor al saldo pendiente de la factura,PAGADA,PAGADA
0BE1FEB19523461F96300605B0B79CDE,1066b481-4a5e-4dec-b688-031530c8ea79,{},29000,29000,29000,0,0,29000,1.69345E+12,LINK#GRAPH#PAYMENT,true,true,cc7e7940f185929671b034df838383f3,GRAPH,false,false,PUE,ERROR# El monto a abonar es mayor al saldo pendiente de la factura,PAGADA,PAGADA
0BE1FEB19523461F96300605B0B79CDE,3d02d6cb-45bd-4e6c-8605-e8c95c2eb13a,{},29000,29000,29000,0,0,29000,1.69462E+12,CONFIRM#PAYMENT,true,true,cc7e7940f185929671b034df838383f3,MANUAL,false,false,PUE,SUCCESS,PAGADA,PAGADA
0BE1FEB19523461F96300605B0B79CDE,5bc8b0a8-0a6f-4588-be29-03eb00fdb774,{},29000,29000,29000,0,0,29000,1.69406E+12,LINK#GRAPH#PAYMENT,true,true,cc7e7940f185929671b034df838383f3,GRAPH,false,false,PUE,ERROR# El monto a abonar es mayor al saldo pendiente de la factura,PAGADA,PAGADA
0BE1FEB19523461F96300605B0B79CDE,832ff21a-b599-4601-993a-7987867c29b0,{},29000,29000,0,0,29000,29000,1.69334E+12,LINK#GRAPH#PAYMENT,true,false,cc7e7940f185929671b034df838383f3,GRAPH,false,false,PUE,SUCCESS,PAGADA,PENDIENTE
0BE1FEB19523461F96300605B0B79CDE,d45485f2-2cfc-48a9-91b1-8054929edfa7,{},29000,29000,29000,0,0,29000,1.69335E+12,LINK#GRAPH#PAYMENT,true,true,cc7e7940f185929671b034df838383f3,GRAPH,false,false,PUE,ERROR# El monto a abonar es mayor al saldo pendiente de la factura,PAGADA,PAGADA
0BE1FEB19523461F96300605B0B79CDE,f0a0059f-8263-45df-a4b7-16f8eacf4912,{},29000,29000,29000,0,0,29000,1.69334E+12,LINK#GRAPH#PAYMENT,true,true,cc7e7940f185929671b034df838383f3,GRAPH,false,false,PUE,ERROR# El monto a abonar es mayor al saldo pendiente de la factura,PAGADA,PAGADA
206F9D11B2E04468BFA31D36CF8E20D0,78a0bfd9-b309-4c27-966f-1f0ebe8a3bd8,{},403200.11,403200.11,0,0,403200.11,403200.11,1.69334E+12,LINK#PAYMENT,true,false,b86c5e10df1237784978dd5ca64155dc,null,false,false,PUE,SUCCESS,PAGADA,PENDIENTE
FC7C783061884F4C9FFFA75A14503765,f5733adb-1ebb-4b3b-bd5a-32449966171b,{},278400,278400,0,0,278400,278400,1.69333E+12,MATCH#POSSIBLE#PAYMENT,true,false,fd486dfb558146b36f33944f48056773,,true,true,PPD,SUCCESS,PAGADA,PENDIENTE
1CA347045ED14EEAA5E9B7500CCDA850,1039be25-4cb9-4662-9602-017767fce25e,{},2411.65,0,2411.65,2411.65,0,2411.65,1.69345E+12,UNLINK#GRAPH#PAYMENT,false,true,1fac1eecabe76c85f87a78a4979a37c3,GRAPH,false,false,PUE,SUCCESS,PENDIENTE,PAGADA
1CA347045ED14EEAA5E9B7500CCDA850,41f577a2-7472-467d-b1df-655505326ffc,{},2411.65,2411.65,2411.65,0,0,2411.65,1.69334E+12,LINK#GRAPH#PAYMENT,true,true,1fac1eecabe76c85f87a78a4979a37c3,GRAPH,false,false,PUE,ERROR# El monto a abonar es mayor al saldo pendiente de la factura,PAGADA,PAGADA
1CA347045ED14EEAA5E9B7500CCDA850,5bd82c0f-fecd-4a85-831c-2819408bd464,{},2411.65,0,0,2411.65,2411.65,2411.65,1.69406E+12,UNLINK#GRAPH#PAYMENT,false,false,1fac1eecabe76c85f87a78a4979a37c3,GRAPH,false,false,PUE,ERROR# NO SE PUEDE DESCONTAR SALDO A UNA FACTURA CON MONTO PAGADO EN CERO,VENCIDA,VENCIDA
1CA347045ED14EEAA5E9B7500CCDA850,899a891b-4e28-4104-a4be-fae2ce157dc7,{},2411.65,2411.65,0,0,2411.65,2411.65,1.69334E+12,LINK#GRAPH#PAYMENT,true,false,1fac1eecabe76c85f87a78a4979a37c3,GRAPH,false,false,PUE,SUCCESS,PAGADA,PENDIENTE
1CA347045ED14EEAA5E9B7500CCDA850,c4ef81f1-7ade-4658-b73e-3ab9a3384930,{},2411.65,2411.65,2411.65,0,0,2411.65,1.69335E+12,LINK#GRAPH#PAYMENT,true,true,1fac1eecabe76c85f87a78a4979a37c3,GRAPH,false,false,PUE,ERROR# El monto a abonar es mayor al saldo pendiente de la factura,PAGADA,PAGADA
AA27909F409C41BE880E70CD0C5E8507,1690f626-c68b-4c2d-a9b5-7d7162d75df3,{},174,'-174,0,348,174,174,1.69334E+12,UNLINK#PAYMENT,false,false,5bac5ef193861b1fc14fa21830b0bd61,MANUAL,false,false,PUE,SUCCESS,PENDIENTE,PENDIENTE
AA27909F409C41BE880E70CD0C5E8507,59bdfa5a-728b-4d40-a4b3-d352e71740d2,{},174,0,'-174,174,348,174,1.69334E+12,LINK#PAYMENT,false,false,5bac5ef193861b1fc14fa21830b0bd61,null,false,false,PUE,SUCCESS,PENDIENTE,PENDIENTE
AA27909F409C41BE880E70CD0C5E8507,791931e6-fc4e-4c72-8382-ea5819cf8e74,{},174,'-174,0,348,174,174,1.69334E+12,UNLINK#PAYMENT,false,false,5bac5ef193861b1fc14fa21830b0bd61,MANUAL,false,false,PUE,SUCCESS,PENDIENTE,VENCIDA
AA27909F409C41BE880E70CD0C5E8507,992677ee-4801-457c-a032-b6977e2f1d46,{},174,0,'-174,174,348,174,1.69334E+12,LINK#PAYMENT,false,false,5bac5ef193861b1fc14fa21830b0bd61,null,false,false,PUE,SUCCESS,PENDIENTE,PENDIENTE
AA27909F409C41BE880E70CD0C5E8507,cc48ad96-214c-4011-b431-8c7464fc4d23,{},174,174,0,0,174,174,1.69334E+12,LINK#PAYMENT,true,false,5bac5ef193861b1fc14fa21830b0bd61,null,false,false,PUE,SUCCESS,PAGADA,VENCIDA
AA27909F409C41BE880E70CD0C5E8507,d07b1556-6e0e-4639-8c91-de03dcd3c23b,{},174,'-174,0,348,174,174,1.69334E+12,UNLINK#PAYMENT,false,false,5bac5ef193861b1fc14fa21830b0bd61,MANUAL,false,false,PUE,SUCCESS,PENDIENTE,VENCIDA
03FB10908D1956948C0988B19028C6B1,21cfd0e9-df59-400d-96d1-6403f1b1a008,{},3306,3306,3306,0,0,3306,1.69462E+12,LINK#GRAPH#PAYMENT,true,true,1c3c6879c9c3e75d64db47c291245f62,GRAPH,false,false,PUE,ERROR# El monto a abonar es mayor al saldo pendiente de la factura,PAGADA,PAGADA
03FB10908D1956948C0988B19028C6B1,f654962a-4dcd-4962-91fd-5512205ae602,{},3306,3306,0,0,3306,3306,1.69447E+12,LINK#GRAPH#PAYMENT,true,false,1c3c6879c9c3e75d64db47c291245f62,GRAPH,false,false,PUE,SUCCESS,PAGADA,PENDIENTE
4965BD92F8474A2985A7802C7E95BF6C,44bde579-80c1-461b-ac7e-a9f7b8844887,{},278400,0,278400,278400,0,278400,1.69334E+12,UNLINK#GRAPH#PAYMENT,false,true,60cc77eef8721d3b955a6e6adf55d290,GRAPH,true,true,PPD,SUCCESS,PENDIENTE,PAGADA
4965BD92F8474A2985A7802C7E95BF6C,d26378a4-a2f3-4f79-bf8a-b34ebba98703,{},278400,278400,0,0,278400,278400,1.69333E+12,MATCH#POSSIBLE#PAYMENT,true,false,60cc77eef8721d3b955a6e6adf55d290,,true,true,PPD,SUCCESS,PAGADA,PENDIENTE
4965BD92F8474A2985A7802C7E95BF6C,eb8a2eb8-0faf-4bef-8b9f-7082f9367bb9,{},278400,278400,0,0,278400,278400,1.69334E+12,MATCH#POSSIBLE#PAYMENT,true,false,005607dbafef184b8d6cc32cf65f4caf,,false,true,PPD,SUCCESS,PAGADA,PENDIENTE