idTransaccion,Empresa,Fecha,Hora,Banco,Cuenta,Concepto,Monto,Cargo,Abono,Moneda,MontoPosterior,Referencia,TipoCuenta,ClaveRastreo,TipoMovimiento,BancoEmisor,BancoReceptor,CuentaEmisora,CuentaReceptora,AliasCuenta,NombreEmisor,RFCEmisor,NombreReceptor,RFCReceptor,CEP_Dia,CEP_Mes,CEP_Anio,CEP_Hora,CEP_ClaveRastreo,CEP_Amount,CEP_IVA,CEP_Concepto,CEP_RFCReceptor,CEP_NombreReceptor,CEP_CuentaReceptora,CEP_BancoReceptor,CEP_RFCEmisor,CEP_NombreEmisor,CEP_CuentaEmisora,CEP_BancoEmisor,Categoria
4b76dafbfa13b9775edf365b93521351,Empresa A,31/08/23,22:36,HSBC,HSBC ****3175,I.V.A.,64,64,0,MXN,0,NA,Cheques,NA,Egreso,HSBC,NA,4067863175,NA,,NA,NA,NA,NA,NA,NA,NA,NA,NA,NA,NA,NA,NA,NA,NA,NA,NA,NA,NA,NA,Comisión
aa551cc6f98704f175519568f403af4e,Empresa A,31/08/23,22:36,HSBC,HSBC ****3175,PROMEDIO MENSUAL INFERIOR AL MINIMO,400,400,0,MXN,0,NA,Cheques,NA,Egreso,HSBC,NA,4067863175,NA,,NA,NA,NA,NA,NA,NA,NA,NA,NA,NA,NA,NA,NA,NA,NA,NA,NA,NA,NA,NA,Comisión
b06b22592b1db0aceb72d822e9c75a21,Empresa A,31/08/23,0:00:00,INBURSA,INBURSA ****0900,30082311445,5619.81,5619.81,0,MXN,0,2023083,Cheques,036INBU31082023126869993,Egreso interbancario,INBURSA,040072|BANORTE,3.61805E+16,7.218E+16,CodeINB,NA,NA,JOSE R Z,NA,NA,NA,NA,NA,NA,NA,NA,NA,NA,NA,NA,NA,NA,NA,NA,NA,Nómina
08be906b9c9107771be4e4d3b45e16b1,Empresa A,31/08/23,0:00:00,INBURSA,INBURSA ****0900,30082311442,3940.53,3940.53,0,MXN,0,2023083,Cheques,036INBU31082023126869987,Egreso interbancario,INBURSA,040002|BANAMEX,3.61805E+16,2.13345E+15,CodeINB,NA,NA,DANIEL M L,NA,NA,NA,NA,NA,NA,NA,NA,NA,NA,NA,NA,NA,NA,NA,NA,NA,Nómina
2cc894dc8107563ea8f17afd4409751e,Empresa A,31/08/23,0:00:00,INBURSA,INBURSA ****0900,3008231144,3111.6,3111.6,0,MXN,0,2023083,Cheques,036INBU31082023126869983,Egreso interbancario,INBURSA,040002|BANAMEX,3.61805E+16,2.1807E+15,CodeINB,NA,NA,VICTOR M M,NA,NA,NA,NA,NA,NA,NA,NA,NA,NA,NA,NA,NA,NA,NA,NA,NA,Nómina
6b7653c2f7a45f2e1cbe0a70d032b593,Empresa A,31/08/23,0:00:00,INBURSA,INBURSA ****0900,221,157064,157064,0,MXN,0,2023083,Cheques,036INBU31082023126781910,Egreso interbancario,INBURSA,040012|BBVA MEXICO,3.61805E+16,1.218E+16,CodeINB,NA,NA,Empresa X TT,NA,31,8,2023,13:00:32,036INBU31082023126781910,157064,0,221,EXT010101X01,Empresa X TT,1.218E+16,BBVA BANCOMER,EMA010101X01,Empresa A SC,3.61805E+16,INBURSA,NA
193a9e9ff2b739afc8dea881ca2b8466,Empresa A,31/08/23,0:00:00,INBURSA,INBURSA ****0900,11443008231,5416.81,5416.81,0,MXN,0,2023083,Cheques,036INBU31082023126869985,Egreso interbancario,INBURSA,040002|BANAMEX,3.61805E+16,2.1809E+15,CodeINB,NA,NA,RENE M T,NA,NA,NA,NA,NA,NA,NA,NA,NA,NA,NA,NA,NA,NA,NA,NA,NA,NA
ba39c26bb9a10ded221575c1e71beef7,Empresa A,31/08/23,0:00:00,INBURSA,INBURSA ****0900,3008231144,3111.6,3111.6,0,MXN,0,2023083,Cheques,036INBU31082023126869984,Egreso interbancario,INBURSA,040012|BBVA MEXICO,3.61805E+16,1.2438E+16,CodeINB,NA,NA,MATHA M R,NA,NA,NA,NA,NA,NA,NA,NA,NA,NA,NA,NA,NA,NA,NA,NA,NA,NA
e1ce433992b53a88344d258167c0d0f8,Empresa A,31/08/23,0:00:00,INBURSA,INBURSA ****0900,17216,66816,66816,0,MXN,0,2023083,Cheques,036INBU31082023126805250,Egreso interbancario,INBURSA,040072|BANORTE,3.61805E+16,7.218E+16,CodeINB,NA,NA,Empresa X COC,NA,NA,NA,NA,NA,NA,NA,NA,NA,NA,NA,NA,NA,NA,NA,NA,NA,NA
d1c00fae314e5a6c3637a2d56bf40945,Empresa A,31/08/23,0:00:00,INBURSA,INBURSA ****0900,NA,85.47,85.47,0,MXN,0,NA,Cheques,NA,Egreso,INBURSA,040036|INBURSA,3.61805E+16,NA,CodeINB,NA,NA,Empresa A SC,NA,NA,NA,NA,NA,NA,NA,NA,NA,NA,NA,NA,NA,NA,NA,NA,NA,NA
43697e1416eece4a4803d2005e6b0c6a,Empresa A,31/08/23,0:00:00,INBURSA,INBURSA ****0900,NA,28.8,28.8,0,MXN,0,NA,Cheques,NA,Egreso,INBURSA,040036|INBURSA,3.61805E+16,NA,CodeINB,NA,NA,NA,NA,NA,NA,NA,NA,NA,NA,NA,NA,NA,NA,NA,NA,NA,NA,NA,NA,NA
94dbbe8eb8bc9028e99a3671f7670974,Empresa A,31/08/23,0:00:00,INBURSA,INBURSA ****0900,NA,3228.52,0,3228.52,MXN,0,NA,Cheques,NA,Ingreso,040036|INBURSA,INBURSA,NA,3.61805E+16,CodeINB,Empresa A SC,NA,NA,NA,NA,NA,NA,NA,NA,NA,NA,NA,NA,NA,NA,NA,NA,NA,NA,NA,NA
3280b8f01ff261bc406e5e87e6f76946,Empresa A,31/08/23,0:00:00,INBURSA,INBURSA ****0900,NA,180,180,0,MXN,0,NA,Cheques,NA,Egreso,INBURSA,040036|INBURSA,3.61805E+16,NA,CodeINB,NA,NA,NA,NA,NA,NA,NA,NA,NA,NA,NA,NA,NA,NA,NA,NA,NA,NA,NA,NA,NA
d55196acc699134940c6f25726aef87c,Empresa A,31/08/23,0:00:00,INBURSA,INBURSA ****0900,30082311443,3111.6,3111.6,0,MXN,0,2023083,Cheques,036INBU31082023126869988,Egreso interbancario,INBURSA,040012|BBVA MEXICO,3.61805E+16,1.218E+16,CodeINB,NA,NA,ALAN E R,NA,NA,NA,NA,NA,NA,NA,NA,NA,NA,NA,NA,NA,NA,NA,NA,NA,NA
fbd1ce6e7a76309012df643eeaddc2a3,Empresa A,31/08/23,0:00:00,INBURSA,INBURSA ****0900,25698,17586.91,17586.91,0,MXN,0,2023083,Cheques,036INBU31082023126781918,Egreso interbancario,INBURSA,040012|BBVA MEXICO,3.61805E+16,1.218E+16,CodeINB,NA,NA,Empresa X U GLOBAL,NA,NA,NA,NA,NA,NA,NA,NA,NA,NA,NA,NA,NA,NA,NA,NA,NA,NA
f8e23dd79349d3fe0c33691836b73cc8,Empresa A,31/08/23,0:00:00,INBURSA,INBURSA ****0900,30082311444,5134.04,5134.04,0,MXN,0,2023083,Cheques,036INBU31082023126869989,Egreso interbancario,INBURSA,040002|BANAMEX,3.61805E+16,2.1807E+15,CodeINB,NA,NA,JUAN A BÑOS,NA,NA,NA,NA,NA,NA,NA,NA,NA,NA,NA,NA,NA,NA,NA,NA,NA,NA
b08168b1d37b6ed155b0e3a366003e48,Empresa A,31/08/23,0:00:00,INBURSA,INBURSA ****0900,59877,68324,68324,0,MXN,0,2023083,Cheques,036INBU31082023126781913,Egreso interbancario,INBURSA,040012|BBVA MEXICO,3.61805E+16,1.218E+16,CodeINB,NA,NA,Empresa X TU Espacio,NA,31,8,2023,13:00:54,036INBU31082023126781913,68324,0,59877,EXTU010101X01,Empresa X TU Espacio,1.218E+16,BBVA BANCOMER,EMA010101X01,Empresa A SC,3.61805E+16,INBURSA,NA
dabb2eac99e10912456aba35d6cb2e04,Empresa A,31/08/23,0:00:00,INBURSA,INBURSA ****0900,220,107184,107184,0,MXN,0,2023083,Cheques,036INBU31082023126781911,Egreso interbancario,INBURSA,040012|BBVA MEXICO,3.61805E+16,1.218E+16,CodeINB,NA,NA,Empresa X TT,NA,NA,NA,NA,NA,NA,NA,NA,NA,NA,NA,NA,NA,NA,NA,NA,NA,NA
a3aaa9891fae6a3b1431d9fa1c55455a,Empresa B,30/08/23,0:00:00,BBVA,BBVA ****4725,CODI RECIBIDO  BANAMEX/0071327305  0027037227,0.01,0,0.01,MXN,0,NA,Cheques,NA,Ingreso,NA,BBVA,NA,34725,,NA,NA,NA,NA,NA,NA,NA,NA,NA,NA,NA,NA,NA,NA,NA,NA,NA,NA,NA,NA,NA
249b71e02238d6ecad1e2a9c3b0fe018,Empresa A,30/08/23,0:00:00,INBURSA,INBURSA ****0900,1.6433E+12,178742,178742,0,MXN,0,2023083,Cheques,036INBU30082023126687240,Egreso interbancario,INBURSA,040072|BANORTE,3.61805E+16,7.218E+16,CodeINB,NA,NA,Empresa X Herramientas,NA,NA,NA,NA,NA,NA,NA,NA,NA,NA,NA,NA,NA,NA,NA,NA,NA,NA
ae1192e7f2fb7ea24051f91be32303a7,Empresa B,30/08/23,0:00:00,BBVA,BBVA ****4725,CODI RECIBIDO  BANAMEX/0071327341  0022000648,0.01,0,0.01,MXN,0,NA,Cheques,NA,Ingreso,NA,BBVA,NA,34725,,NA,NA,NA,NA,NA,NA,NA,NA,NA,NA,NA,NA,NA,NA,NA,NA,NA,NA,NA,NA,NA
06e6de6f290ae1d5a5ca4c2d5fcf8152,Empresa A,30/08/23,0:00:00,INBURSA,INBURSA ****0900,1.14517E+16,211004.55,211004.55,0,MXN,0,2023083,Cheques,036INBU30082023126686476,Egreso interbancario,INBURSA,040012|BBVA MEXICO,3.61805E+16,1.218E+16,CodeINB,NA,NA,Empresa X Talento,NA,30,8,2023,17:21:45,036INBU30082023126686476,211004.55,0,1.14517E+16,EXTA010101X01,Empresa X Talento,1.218E+16,BBVA BANCOMER,EMA010101X01,Empresa A SC,3.61805E+16,INBURSA,NA
5f599d95dfe77010273aca3c1e623e51,Empresa A,30/08/23,0:00:00,INBURSA,INBURSA ****0900,300823989,40224.27,40224.27,0,MXN,0,2023083,Cheques,036INBU30082023126687004,Egreso interbancario,INBURSA,040062|AFIRME,3.61805E+16,6.218E+16,CodeINB,NA,NA,Empresa X Desempeno,NA,NA,NA,NA,NA,NA,NA,NA,NA,NA,NA,NA,NA,NA,NA,NA,NA,NA
8ffeff65f0cebaec14f2780e7baa192c,Empresa A,30/08/23,0:00:00,INBURSA,INBURSA ****0900,NA,1887,1887,0,MXN,0,NA,Cheques,NA,Egreso,INBURSA,040036|INBURSA,3.61805E+16,NA,CodeINB,NA,NA,SECRETARIA DE ADMINISTRACION Y FINANZAS,NA,NA,NA,NA,NA,NA,NA,NA,NA,NA,NA,NA,NA,NA,NA,NA,NA,NA
df614db7728f5eef943794da8cfdd2df,Empresa A,30/08/23,0:00:00,INBURSA,INBURSA ****0900,3008231144,2411.65,2411.65,0,MXN,0,2023083,Cheques,036INBU30082023126687492,Egreso interbancario,INBURSA,040062|AFIRME,3.61805E+16,6.21801E+16,CodeINB,NA,NA,Empresa X Proyecta,NA,NA,NA,NA,NA,NA,NA,NA,NA,NA,NA,NA,NA,NA,NA,NA,NA,NA
8f77cdba8ff1137eb6faa56b6efbea45,Empresa B,30/08/23,0:00:00,BBVA,BBVA ****4725,CODI RECIBIDO  BANAMEX/0071327351  0024187992,0.01,0,0.01,MXN,0,NA,Cheques,NA,Ingreso,NA,BBVA,NA,34725,,NA,NA,NA,NA,NA,NA,NA,NA,NA,NA,NA,NA,NA,NA,NA,NA,NA,NA,NA,NA,NA
b42dec1efa7f5060575418890e92e182,Empresa A,30/08/23,0:00:00,INBURSA,INBURSA ****0900,1f6da1269be3,11241.4,11241.4,0,MXN,0,2023083,Cheques,036INBU30082023126687718,Egreso interbancario,INBURSA,040021|HSBC,3.61805E+16,2.118E+16,CodeINB,NA,NA,Empresa X HAA,NA,NA,NA,NA,NA,NA,NA,NA,NA,NA,NA,NA,NA,NA,NA,NA,NA,NA
6c4dcdc3dfff45f1b5fc6c012f6a1043,Empresa Operativa B,28/08/23,17:04:34,STP,STP ****0000,dev.,14370.12,14370.12,0,MXN,0,1236,Cheques,556478719,Egreso interbancario,STP,HSBC,6.4618E+17,2.118E+16,,Empresa b,EMB010101X01,Empresa X Boom,NA,28,8,2023,17:04:34,556478719,14370.12,0,dev.,EXB010101X01,Empresa X Boom  S.A.S. DE C.V.,2.118E+16,HSBC,EMB010101X01,Empresa b,6.4618E+17,STP,NA
4105ef579555b6e1f0d6b9cd015a3647,Empresa Operativa B,28/08/23,16:12:30,STP,STP ****0000,Transferencia de Empresa B,11600,0,11600,MXN,0,687914,Cheques,058-28/08/2023/28-220CRPU714,Ingreso interbancario,BANREGIO,STP,5.818E+16,6.4618E+17,,Empresa B,EMB010101X01,STPB,NA,28,8,2023,16:12:35,058-28/08/2023/28-220CRPU714,11600,0,Transferencia de Empresa B,EMB010101X01,Empresa b,6.4618E+17,STP,EMB010101X01,Empresa B,5.818E+16,BANREGIO,NA
8ed1bd64125d61b8b133be0d80595b62,Empresa Operativa B,28/08/23,16:11:24,STP,STP ****0000,Transferencia de Empresa B,14370.12,0,14370.12,MXN,0,621491,Cheques,058-28/08/2023/28-220CRPU258,Ingreso interbancario,BANREGIO,STP,5.818E+16,6.4618E+17,,Empresa B,EMB010101X01,STPB,NA,28,8,2023,16:11:27,058-28/08/2023/28-220CRPU258,14370.12,0,Transferencia de Empresa B,EMB010101X01,Empresa b,6.4618E+17,STP,EMB010101X01,Empresa B,5.818E+16,BANREGIO,NA
8a2b45a4a56817ea3c14a98a22965fb7,Empresa B,28/08/23,0:00:00,BANREGIO,BANREGIO ****0018, STRIPE,14370.12,0,14370.12,MXN,0,8695953,Cheques, 18A3C96286F4B955,Ingreso interbancario, BANAMEX,BANREGIO,2.1807E+15,5.818E+16,***0018, Empresa Stripe,NA,Empresa B,NA,NA,NA,NA,NA,NA,NA,NA,NA,NA,NA,NA,NA,NA,NA,NA,NA,NA
923993d6a5d9308d4deaf074984548bb,Empresa B,28/08/23,0:00:00,BANREGIO,BANREGIO ****0018, Transferencia de Empresa B,11600,11600,0,MXN,0,687914,Cheques, 058-28/08/2023/28-220CRPU714,Egreso interbancario,BANREGIO, STP,5.818E+16,6.4618E+17,***0018,Empresa B,NA, STPB,NA,NA,NA,NA,NA,NA,NA,NA,NA,NA,NA,NA,NA,NA,NA,NA,NA,NA
b48b464760f4e8d6a085cd61da934cea,Empresa B,28/08/23,0:00:00,BANREGIO,BANREGIO ****0018, Transferencia de Empresa B,1506.84,1506.84,0,MXN,0,32021,Cheques, 058-28/08/2023/28-220CRPT413,Egreso interbancario,BANREGIO, BANORTE,5.818E+16,7.218E+16,***0018,Empresa B,NA,Empresa X Feliz,NA,NA,NA,NA,NA,NA,NA,NA,NA,NA,NA,NA,NA,NA,NA,NA,NA,NA
85aa1a79423a26168b116d87c8adfcef,Empresa B,28/08/23,0:00:00,BANREGIO,BANREGIO ****0018, Transferencia de Empresa B,14370.12,14370.12,0,MXN,0,621491,Cheques, 058-28/08/2023/28-220CRPU258,Egreso interbancario,BANREGIO, STP,5.818E+16,6.4618E+17,***0018,Empresa B,NA, STPB,NA,NA,NA,NA,NA,NA,NA,NA,NA,NA,NA,NA,NA,NA,NA,NA,NA,NA
f1013397a765020ed84d3ee22543392c,Empresa A,25/08/23,11:44:20,SCOTIABANK,SCOTIABANK ****0736,mov entre cuentas,380000,380000,0,MXN,66873.61,NA,Cheques,2023082540044B36K0000051090524,Egreso interbancario,SCOTIABANK,INBURSA,25601070736,3.61805E+16,***0736,Empresa A SC,NA,Empresa A S.C.,NA,25,8,2023,11:44:28,2023082540044B36K0000051090524,380000,0,mov entre cuentas,EMA010101X01,Empresa A SC,3.61805E+16,INBURSA,EMA010101X01,Empresa A SC,4.41803E+16,SCOTIABANK,NA
204736631bc968dfc7df7cace8610cf8,Empresa B,25/08/23,0:00:00,BANREGIO,BANREGIO ****0018, A 09315,3963.72,3963.72,0,MXN,0,12333,Cheques, 058-25/08/2023/25-220CQDJ651,Egreso interbancario,BANREGIO, STP,5.818E+16,6.4618E+17,***0018,Empresa B,NA, SISTEMA DE TRANSFERENCIA,NA,NA,NA,NA,NA,NA,NA,NA,NA,NA,NA,NA,NA,NA,NA,NA,NA,NA
96e5710cf1c9d0c3a08e21becd9204c4,Empresa A,25/08/23,0:00:00,SCOTIABANK,SCOTIABANK ****0736,TRASPASOS A OTROS BANCOS (SPEI),2.5,2.5,0,MXN,66871.11,NA,Cheques,NA,Egreso interbancario,SCOTIABANK,NA,25601070736,NA,***0736,Empresa A SC,NA,NA,NA,NA,NA,NA,NA,NA,NA,NA,NA,NA,NA,NA,NA,NA,NA,NA,NA,NA
94835d5259255f46eb664afabc8c2b13,Empresa A,25/08/23,0:00:00,INBURSA,INBURSA ****0900,mov entre cuentas,380000,0,380000,MXN,0,1235,Cheques,2023082540044B36K0000051090524,Ingreso interbancario,040044|SCOTIABANK,INBURSA,4.41803E+16,3.61805E+16,CodeINB,Empresa A SC,EMA010101X01,NA,NA,NA,NA,NA,NA,NA,NA,NA,NA,NA,NA,NA,NA,NA,NA,NA,NA,NA
a2dc98400a0b1d9ed94299cfd5c634b3,Empresa B,25/08/23,0:00:00,BBVA,BBVA ****4725,CODI RECIBIDO  BANAMEX/0071312534  0027037227,0.01,0,0.01,MXN,0,NA,Cheques,NA,Ingreso,NA,BBVA,NA,34725,,NA,NA,NA,NA,NA,NA,NA,NA,NA,NA,NA,NA,NA,NA,NA,NA,NA,NA,NA,NA,NA
743b0f786cddedd027c102a597e91f7d,Empresa A,25/08/23,0:00:00,SCOTIABANK,SCOTIABANK ****0736,IVA - COMISIONES,0.4,0.4,0,MXN,66870.71,NA,Cheques,NA,Egreso,SCOTIABANK,NA,25601070736,NA,***0736,NA,NA,NA,NA,NA,NA,NA,NA,NA,NA,NA,NA,NA,NA,NA,NA,NA,NA,NA,NA,NA
8c99c9c84d25086731a221de66df7c1f,Empresa B,25/08/23,0:00:00,BBVA,BBVA ****4725,CODI RECIBIDO  BANAMEX/0071312572  0024187992,0.01,0,0.01,MXN,0,NA,Cheques,NA,Ingreso,NA,BBVA,NA,34725,,NA,NA,NA,NA,NA,NA,NA,NA,NA,NA,NA,NA,NA,NA,NA,NA,NA,NA,NA,NA,NA
327a0a500fd3c6567edae7116a51e257,Empresa B,25/08/23,0:00:00,BBVA,BBVA ****4725,CODI RECIBIDO  BANAMEX/0071312550  0022000648,0.01,0,0.01,MXN,0,NA,Cheques,NA,Ingreso,NA,BBVA,NA,34725,,NA,NA,NA,NA,NA,NA,NA,NA,NA,NA,NA,NA,NA,NA,NA,NA,NA,NA,NA,NA,NA
945b4382ca6f14dab8e6bd0e43e491c9,Empresa B,25/08/23,0:00:00,BANREGIO,BANREGIO ****0018, Transferencia de Empresa B,1506.84,1506.84,0,MXN,0,32021,Cheques, 058-25/08/2023/25-220CQDL555,Egreso interbancario,BANREGIO, BANORTE,5.818E+16,7.218E+16,***0018,Empresa B,NA,Empresa X Feliz,NA,NA,NA,NA,NA,NA,NA,NA,NA,NA,NA,NA,NA,NA,NA,NA,NA,NA
0691bad0953e19a435b4743253035136,Empresa Operativa C,24/08/23,12:46:55,STP,STP ****0000,Universidad I,404026.56,0,404026.56,MXN,0,240823,Cheques,8.59018E+16,Ingreso interbancario,BANAMEX,STP,2.18043E+15,6.4618E+17,,UNIVERSIDAD X I,EXI010101X01,Empresa C,ND,24,8,2023,12:46:58,8.59018E+16,404026.56,0,Universidad I,EME010101X01,Empresa C,6.4618E+17,STP,EXI010101X01,UNIVERSIDAD X I,2.18043E+15,BANAMEX,NA
b86c5e10df1237784978dd5ca64155dc,Empresa A,24/08/23,0:00:00,INBURSA,INBURSA ****0900,Universidad I,469080.11,0,469080.11,MXN,0,240823,Cheques,8.59018E+16,Ingreso interbancario,040002|BANAMEX,INBURSA,2.18043E+15,3.61805E+16,CodeINB,UNIVERSIDAD X I,EXI010101X01,NA,NA,NA,NA,NA,NA,NA,NA,NA,NA,NA,NA,NA,NA,NA,NA,NA,NA,NA
2c42c6e85b864666d9fdebc89410bdcb,Empresa A,23/08/23,0:00:00,INBURSA,INBURSA ****0900,tarjeta credito,50500,50500,0,MXN,0,2023082,Cheques,036INBU23082023126010003,Egreso interbancario,INBURSA,090646|STP,3.61805E+16,6.4642E+17,CodeINB,NA,NA,Empresa A SC,NA,NA,NA,NA,NA,NA,NA,NA,NA,NA,NA,NA,NA,NA,NA,NA,NA,NA
8a82591f2366ed2251c0dfae2fed405f,Empresa A,23/08/23,0:00:00,INBURSA,INBURSA ****0900,NA,3822,3822,0,MXN,0,NA,Cheques,NA,Egreso,INBURSA,040036|INBURSA,3.61805E+16,NA,CodeINB,NA,NA,SECRETARIA DE HACIENDA Y CREDITO PUBLICO,NA,NA,NA,NA,NA,NA,NA,NA,NA,NA,NA,NA,NA,NA,NA,NA,NA,NA
2279399df5b2803539b1597bc46f00db,Empresa A,23/08/23,0:00:00,INBURSA,INBURSA ****0900,G0000032805 G000032865,37568.14,37568.14,0,MXN,0,2023082,Cheques,036INBU23082023126014248,Egreso interbancario,INBURSA,040012|BBVA MEXICO,3.61805E+16,1.218E+16,CodeINB,NA,NA,Empresa X GSis,NA,NA,NA,NA,NA,NA,NA,NA,NA,NA,NA,NA,NA,NA,NA,NA,NA,NA
b0cfa31c00aa1e6b2b26d54ba6d89041,Empresa A,23/08/23,0:00:00,INBURSA,INBURSA ****0900,DF240515604,1104.9,1104.9,0,MXN,0,9999,Cheques,036INBU23082023126014249,Egreso interbancario,INBURSA,040014|SANTANDER,3.61805E+16,1.45807E+16,CodeINB,NA,NA,Empresa X Iza,NA,NA,NA,NA,NA,NA,NA,NA,NA,NA,NA,NA,NA,NA,NA,NA,NA,NA
a8b574e2c169694fcc5252e4c7c1f0c7,Empresa A,18/08/23,14:42:34,BANAMEX,BANAMEX ****3404,MOV ENTRE CUENTAS,200000,200000,0,MXN,32138.67,125,Cheques,8.59074E+16,Egreso interbancario,BANAMEX,INBURSA,2.1807E+15,3.61805E+16,CBMX3404,Empresa A SC,NA,"Empresa A S C ""(Dato no verificado por esta institución)""",NA,NA,NA,NA,NA,NA,NA,NA,NA,NA,NA,NA,NA,NA,NA,NA,NA,NA
2a3e519710b9f36b68d492aa57c05614,Empresa A,18/08/23,14:40:30,BANAMEX,BANAMEX ****3404,MOV ENTRE CUENTAS,600000,600000,0,MXN,232138.67,124,Cheques,8.59074E+16,Egreso interbancario,BANAMEX,INBURSA,2.1807E+15,3.61805E+16,CBMX3404,Empresa A SC,NA,"Empresa A S C ""(Dato no verificado por esta institución)""",NA,NA,NA,NA,NA,NA,NA,NA,NA,NA,NA,NA,NA,NA,NA,NA,NA,NA
a1c3b6752471a39085aa4f06adbcbb04,Empresa B,18/08/23,0:00:00,BBVA,BBVA ****4725,CODI RECIBIDO  BANAMEX/0071290887  0027037227,0.01,0,0.01,MXN,0,NA,Cheques,NA,Ingreso,NA,BBVA,NA,34725,,NA,NA,NA,NA,NA,NA,NA,NA,NA,NA,NA,NA,NA,NA,NA,NA,NA,NA,NA,NA,NA
0c65f7f0d39175e9deed865cd89ec40e,Empresa B,18/08/23,0:00:00,BBVA,BBVA ****4725,CODI RECIBIDO  BANAMEX/0071290937  0024187992,0.01,0,0.01,MXN,0,NA,Cheques,NA,Ingreso,NA,BBVA,NA,34725,,NA,NA,NA,NA,NA,NA,NA,NA,NA,NA,NA,NA,NA,NA,NA,NA,NA,NA,NA,NA,NA
01df130db237d4287c4558ff8d11c05f,Empresa B,18/08/23,0:00:00,BBVA,BBVA ****4725,CODI RECIBIDO  BANAMEX/0071290905  0022000648,0.01,0,0.01,MXN,0,NA,Cheques,NA,Ingreso,NA,BBVA,NA,34725,,NA,NA,NA,NA,NA,NA,NA,NA,NA,NA,NA,NA,NA,NA,NA,NA,NA,NA,NA,NA,NA
76d1f432a06ae9b136080db83ad09985,Empresa B,18/08/23,0:00:00,BBVA,BBVA ****4725,CODI RECIBIDO  BANAMEX/0071290915  0024187992,0.01,0,0.01,MXN,0,NA,Cheques,NA,Ingreso,NA,BBVA,NA,34725,,NA,NA,NA,NA,NA,NA,NA,NA,NA,NA,NA,NA,NA,NA,NA,NA,NA,NA,NA,NA,NA
b032b497a73d7d026b5e421d09ca0a82,Empresa A,18/08/23,0:00:00,INBURSA,INBURSA ****0900,MOV ENTRE CUENTAS,200000,0,200000,MXN,0,125,Cheques,8.59074E+16,Ingreso interbancario,040002|BANAMEX,INBURSA,2.1807E+15,3.61805E+16,CodeINB,Empresa A SC,EMA010101X01,NA,NA,NA,NA,NA,NA,NA,NA,NA,NA,NA,NA,NA,NA,NA,NA,NA,NA,NA
adfe1fe2d2b9b56ce11776c16d529462,Empresa A,18/08/23,0:00:00,INBURSA,INBURSA ****0900,MOV ENTRE CUENTAS,600000,0,600000,MXN,0,124,Cheques,8.59074E+16,Ingreso interbancario,040002|BANAMEX,INBURSA,2.1807E+15,3.61805E+16,CodeINB,Empresa A SC,EMA010101X01,NA,NA,18,8,2023,14:40:44,8.59074E+16,600000,0,MOV ENTRE CUENTAS,EMA010101X01,Empresa A SC,3.61805E+16,INBURSA,EMA010101X01,Empresa A SC,2.1807E+15,BANAMEX,NA
55757cf2248963c2071a29757f07328a,Empresa Operativa C,17/08/23,12:25:05,STP,STP ****0000,Universidad I,68803.15,0,68803.15,MXN,0,170823,Cheques,8.59016E+16,Ingreso interbancario,BANAMEX,STP,2.18043E+15,6.4618E+17,,UNIVERSIDAD X I,EXI010101X01,Empresa C,ND,17,8,2023,9:41:15,8.59016E+16,68803.15,0,Universidad I,EME010101X01,Empresa C,6.4618E+17,STP,EXI010101X01,UNIVERSIDAD X I,2.18043E+15,BANAMEX,NA
068c146e6c013602217560af2cd62d61,Empresa B,17/08/23,0:00:00,BBVA,BBVA ****4725,CODI RECIBIDO  BANAMEX/0071283399  0027037227,0.01,0,0.01,MXN,0,NA,Cheques,NA,Ingreso,NA,BBVA,NA,34725,,NA,NA,NA,NA,NA,NA,NA,NA,NA,NA,NA,NA,NA,NA,NA,NA,NA,NA,NA,NA,NA
e05c5f924e930f609ea4788fb60d815d,Empresa A,17/08/23,0:00:00,BANAMEX,BANAMEX ****3404,PAGO A PROV.BANOR1A9DEA3AB3B2411E,62769.92,0,62769.92,MXN,295455.85,NA,Cheques,NA,Ingreso interbancario,NA,BANAMEX,NA,2.1807E+15,CBMX3404,NA,NA,Empresa A SC,NA,NA,NA,NA,NA,NA,NA,NA,NA,NA,NA,NA,NA,NA,NA,NA,NA,NA
12df7b7eb7046077d1887a5f1085696e,Empresa B,17/08/23,0:00:00,BBVA,BBVA ****4725,CODI RECIBIDO  BANAMEX/0071283415  0022000648,0.01,0,0.01,MXN,0,NA,Cheques,NA,Ingreso,NA,BBVA,NA,34725,,NA,NA,NA,NA,NA,NA,NA,NA,NA,NA,NA,NA,NA,NA,NA,NA,NA,NA,NA,NA,NA
a4002a6d350ace3f3f1c02b5000d2039,Empresa A,17/08/23,0:00:00,BANAMEX,BANAMEX ****3404,PAGO A PROV.BANORF2FDE966B491436E,160691,0,160691,MXN,456146.85,NA,Cheques,NA,Ingreso interbancario,NA,BANAMEX,NA,2.1807E+15,CBMX3404,NA,NA,Empresa A SC,NA,NA,NA,NA,NA,NA,NA,NA,NA,NA,NA,NA,NA,NA,NA,NA,NA,NA
c443bf5848a67463285c7efe27c78265,Empresa A,17/08/23,0:00:00,BANAMEX,BANAMEX ****3404,PAGO A PROV.BANORA6FA04584E2B4A2B,198352.95,0,198352.95,MXN,232685.93,NA,Cheques,NA,Ingreso interbancario,NA,BANAMEX,NA,2.1807E+15,CBMX3404,NA,NA,Empresa A SC,NA,NA,NA,NA,NA,NA,NA,NA,NA,NA,NA,NA,NA,NA,NA,NA,NA,NA
f05b3cef0101c19eab0e76f0527ba497,Empresa A,17/08/23,0:00:00,BANAMEX,BANAMEX ****3404,PAGO A PROV.BANOR06E3E7D585DB46A2,375991.82,0,375991.82,MXN,832138.67,NA,Cheques,NA,Ingreso interbancario,NA,BANAMEX,NA,2.1807E+15,CBMX3404,NA,NA,Empresa A SC,NA,NA,NA,NA,NA,NA,NA,NA,NA,NA,NA,NA,NA,NA,NA,NA,NA,NA
603efe88c9591e5a4ad79a6383fb5a7b,Empresa B,17/08/23,0:00:00,BBVA,BBVA ****4725,CODI RECIBIDO  BANAMEX/0071284414  0027037227,0.01,0,0.01,MXN,0,NA,Cheques,NA,Ingreso,NA,BBVA,NA,34725,,NA,NA,NA,NA,NA,NA,NA,NA,NA,NA,NA,NA,NA,NA,NA,NA,NA,NA,NA,NA,NA
820feeb48140dd428e2b917e16ab43f6,Empresa B,17/08/23,0:00:00,BBVA,BBVA ****4725,CODI RECIBIDO  BANAMEX/0071284442  0022000648,0.01,0,0.01,MXN,0,NA,Cheques,NA,Ingreso,NA,BBVA,NA,34725,,NA,NA,NA,NA,NA,NA,NA,NA,NA,NA,NA,NA,NA,NA,NA,NA,NA,NA,NA,NA,NA
a0fa1ad36327ad11ae49e6e9a1795aa7,Empresa B,17/08/23,0:00:00,BBVA,BBVA ****4725,CODI RECIBIDO  BANAMEX/0071283429  0024187992,0.01,0,0.01,MXN,0,NA,Cheques,NA,Ingreso,NA,BBVA,NA,34725,,NA,NA,NA,NA,NA,NA,NA,NA,NA,NA,NA,NA,NA,NA,NA,NA,NA,NA,NA,NA,NA
ab85e2b60cd11f2946330d2db69aa882,Empresa B,17/08/23,0:00:00,BBVA,BBVA ****4725,CODI RECIBIDO  BANAMEX/0071284460  0024187992,0.01,0,0.01,MXN,0,NA,Cheques,NA,Ingreso,NA,BBVA,NA,34725,,NA,NA,NA,NA,NA,NA,NA,NA,NA,NA,NA,NA,NA,NA,NA,NA,NA,NA,NA,NA,NA
cc7e7940f185929671b034df838383f3,Empresa A,16/08/23,0:00:00,INBURSA,INBURSA ****0900,F407,29000,0,29000,MXN,0,1645967,Cheques,CIE-0100230816410068,Ingreso interbancario,040012|BBVA MEXICO,INBURSA,1.258E+16,3.61805E+16,CodeINB,Empresa OPay,EXP010101X01,NA,NA,NA,NA,NA,NA,NA,NA,NA,NA,NA,NA,NA,NA,NA,NA,NA,NA,NA
9c9023b67b6aa0d8f7cb8fd09cd58c6e,Empresa A,15/08/23,0:00:00,INBURSA,INBURSA ****0900,1.14599E+17,209963.72,209963.72,0,MXN,0,6121839,Cheques,036INBU15082023125175517,Egreso interbancario,INBURSA,040012|BBVA MEXICO,3.61805E+16,1.218E+16,CodeINB,NA,NA,Empresa X Talento,NA,15,8,2023,6:08:27,036INBU15082023125175517,209963.72,0,1.14599E+17,EXTA010101X01,Empresa X Talento,1.218E+16,BBVA BANCOMER,EMA010101X01,Empresa A SC,3.61805E+16,INBURSA,NA
8da88d6640af2ccc69a592ea61440930,Empresa A,15/08/23,0:00:00,BANAMEX,BANAMEX ****3404,JSHandle:COBRO DE COMISION 322700361651 PQPyME0,490,490,0,MXN,34411.38,2700361651,Cheques,NA,Egreso,BANAMEX,NA,2.1807E+15,NA,CBMX3404,Empresa A SC,NA,NA,NA,NA,NA,NA,NA,NA,NA,NA,NA,NA,NA,NA,NA,NA,NA,NA,NA,NA
178a6b78d670d3e56b36f1a0f4a4ca35,Empresa A,15/08/23,0:00:00,INBURSA,INBURSA ****0900,Nom,3111.6,3111.6,0,MXN,0,2023081,Cheques,036INBU15082023125308571,Egreso interbancario,INBURSA,040012|BBVA MEXICO,3.61805E+16,1.2438E+16,CodeINB,NA,NA,MATHA M R,NA,15,8,2023,16:24:58,036INBU15082023125308571,3111.6,0,Nom,MOR010101X01,MARTHA  M R,1.2438E+16,BBVA BANCOMER,EMA010101X01,Empresa A SC,3.61805E+16,INBURSA,NA
dbb9a2862c18b3b1c0f09e20985edbeb,Empresa A,15/08/23,0:00:00,BANAMEX,BANAMEX ****3404,JSHandle:COBRO DE IVA 322700361651 PQPyME0,78.4,78.4,0,MXN,34332.98,2700361651,Cheques,NA,Egreso,BANAMEX,NA,2.1807E+15,NA,CBMX3404,Empresa A SC,NA,NA,NA,NA,NA,NA,NA,NA,NA,NA,NA,NA,NA,NA,NA,NA,NA,NA,NA,NA
6102071d150f4831e825b25c62bfb619,Empresa A,15/08/23,0:00:00,INBURSA,INBURSA ****0900,Nom,5144.06,5144.06,0,MXN,0,2023081,Cheques,036INBU15082023125308576,Egreso interbancario,INBURSA,040002|BANAMEX,3.61805E+16,2.1807E+15,CodeINB,NA,NA,JUAN A BÑOS,NA,NA,NA,NA,NA,NA,NA,NA,NA,NA,NA,NA,NA,NA,NA,NA,NA,NA
072a14038ba6445d8cf7dbfe78de6320,Empresa A,15/08/23,0:00:00,INBURSA,INBURSA ****0900,nom,3111.6,3111.6,0,MXN,0,2023081,Cheques,036INBU15082023125308575,Egreso interbancario,INBURSA,040012|BBVA MEXICO,3.61805E+16,1.218E+16,CodeINB,NA,NA,ALAN E R,NA,NA,NA,NA,NA,NA,NA,NA,NA,NA,NA,NA,NA,NA,NA,NA,NA,NA
d45169d43a6b0bc2900236ecdea01942,Empresa A,15/08/23,0:00:00,INBURSA,INBURSA ****0900,98920231408,39926.23,39926.23,0,MXN,0,6121868,Cheques,036INBU15082023125176246,Egreso interbancario,INBURSA,040062|AFIRME,3.61805E+16,6.218E+16,CodeINB,NA,NA,Empresa X Desempeno,NA,15,8,2023,6:08:38,036INBU15082023125176246,39926.23,0,98920231408,EXS010101X01,Empresa X Desempeno,6.218E+16,AFIRME,EMA010101X01,Empresa A SC,3.61805E+16,INBURSA,NA
9c71628aa81242c05c14f398f669a7a4,Empresa A,15/08/23,0:00:00,INBURSA,INBURSA ****0900,nom,5427.54,5427.54,0,MXN,0,2023081,Cheques,036INBU15082023125308572,Egreso interbancario,INBURSA,040002|BANAMEX,3.61805E+16,2.1809E+15,CodeINB,NA,NA,RENE M T,NA,NA,NA,NA,NA,NA,NA,NA,NA,NA,NA,NA,NA,NA,NA,NA,NA,NA
e6e74d52351a348caf8446b57286dbca,Empresa A,15/08/23,0:00:00,INBURSA,INBURSA ****0900,nom,3947.85,3947.85,0,MXN,0,2023081,Cheques,036INBU15082023125308577,Egreso interbancario,INBURSA,040002|BANAMEX,3.61805E+16,2.13345E+15,CodeINB,NA,NA,DANIEL M L,NA,NA,NA,NA,NA,NA,NA,NA,NA,NA,NA,NA,NA,NA,NA,NA,NA,NA
796b65fc55053d0ce1641532e3ad8e2c,Empresa A,15/08/23,0:00:00,INBURSA,INBURSA ****0900,nom,3111.6,3111.6,0,MXN,0,2023081,Cheques,036INBU15082023125308570,Egreso interbancario,INBURSA,040002|BANAMEX,3.61805E+16,2.1807E+15,CodeINB,NA,NA,VICTOR M M,NA,NA,NA,NA,NA,NA,NA,NA,NA,NA,NA,NA,NA,NA,NA,NA,NA,NA
55d23026490dc85d19a0f59b5fe2bbb3,Empresa A,15/08/23,0:00:00,INBURSA,INBURSA ****0900,Nom,5630.98,5630.98,0,MXN,0,2023081,Cheques,036INBU15082023125308579,Egreso interbancario,INBURSA,040072|BANORTE,3.61805E+16,7.218E+16,CodeINB,NA,NA,JOSE R Z,NA,NA,NA,NA,NA,NA,NA,NA,NA,NA,NA,NA,NA,NA,NA,NA,NA,NA
de2c3cada1700174df7108cf692f759f,Empresa B,15/08/23,0:00:00,BANREGIO,BANREGIO ****0018, PER CODI SBFIX,174,0,174,MXN,0,155181,Cheques, 2023081640014BMOV0000430207230,Ingreso interbancario, SANTANDER,BANREGIO,1.45806E+16,5.818E+16,***0018, JOSE MC,NA,Empresa B,NA,NA,NA,NA,NA,NA,NA,NA,NA,NA,NA,NA,NA,NA,NA,NA,NA,NA
8c96b7c9eb5f78ee699cddf3cf55d850,Empresa A,15/08/23,0:00:00,INBURSA,INBURSA ****0900,20231408990,177271.66,177271.66,0,MXN,0,6121839,Cheques,036INBU15082023125175516,Egreso interbancario,INBURSA,040072|BANORTE,3.61805E+16,7.218E+16,CodeINB,NA,NA,Empresa X Herramientas,NA,NA,NA,NA,NA,NA,NA,NA,NA,NA,NA,NA,NA,NA,NA,NA,NA,NA
bcc4c49017862d18bb0c1fbb3229d074,Empresa A,15/08/23,0:00:00,INBURSA,INBURSA ****0900,serv,100143.12,100143.12,0,MXN,0,2023081,Cheques,036INBU15082023125271433,Egreso interbancario,INBURSA,040012|BBVA MEXICO,3.61805E+16,1.218E+16,CodeINB,NA,NA,Empresa X TT,NA,15,8,2023,13:28:54,036INBU15082023125271433,100143.12,0,serv,EXT010101X01,Empresa X TT,1.218E+16,BBVA BANCOMER,EMA010101X01,Empresa A SC,3.61805E+16,INBURSA,NA
0f2186da22b43b63f8b9c7850c2cd0cb,Empresa Operativa B,14/08/23,20:27:56,STP,STP ****0000,Devolución.  Cuenta inexistente,200,200,0,MXN,0,NA,Cheques,HSBC332371,Egreso interbancario,STP,HSBC,6.4618E+17,NA,,NA,NA,NA,NA,NA,NA,NA,NA,NA,NA,NA,NA,NA,NA,NA,NA,NA,NA,NA,NA,NA
c4b27381e91d7cdce434b14694c4b810,Empresa Operativa B,14/08/23,20:27:53,STP,STP ****0000,Transferencia SPEI,200,0,200,MXN,0,120823,Cheques,HSBC332371,Ingreso interbancario,HSBC,STP,2.184E+16,6.4618E+17,,MARIA MA Empresa X V,VIC010101X01,Transferencia Express,NA,NA,NA,NA,NA,NA,NA,NA,NA,NA,NA,NA,NA,NA,NA,NA,NA,NA
e2fdd7229b176e55304beb2b2d44ccd3,Empresa A,14/08/23,16:37:23,SCOTIABANK,SCOTIABANK ****0736,mov entre cuentas,500000,500000,0,MXN,446876.51,NA,Cheques,2023081440044B36K0000050773467,Egreso interbancario,SCOTIABANK,INBURSA,25601070736,3.61805E+16,***0736,Empresa A SC,NA,Empresa A S.C.,NA,14,8,2023,16:37:31,2023081440044B36K0000050773467,500000,0,mov entre cuentas,EMA010101X01,Empresa A SC,3.61805E+16,INBURSA,EMA010101X01,Empresa A SC,4.41803E+16,SCOTIABANK,NA
1fac1eecabe76c85f87a78a4979a37c3,Empresa A,14/08/23,0:00:00,INBURSA,INBURSA ****0900,2.01314E+11,2411.65,2411.65,0,MXN,0,2023081,Cheques,036INBU14082023125176247,Egreso interbancario,INBURSA,040062|AFIRME,3.61805E+16,6.21801E+16,CodeINB,NA,NA,Empresa X Proyecta,NA,NA,NA,NA,NA,NA,NA,NA,NA,NA,NA,NA,NA,NA,NA,NA,NA,NA
07a203d8d6cb43663355200ed8062885,Empresa B,14/08/23,0:00:00,BBVA,BBVA ****4725,CODI RECIBIDO  BANAMEX/0071272685  0027037227,0.01,0,0.01,MXN,0,NA,Cheques,NA,Ingreso,NA,BBVA,NA,34725,,NA,NA,NA,NA,NA,NA,NA,NA,NA,NA,NA,NA,NA,NA,NA,NA,NA,NA,NA,NA,NA
5f85679ef9fea9a228492cef9902d740,Empresa A,14/08/23,0:00:00,SCOTIABANK,SCOTIABANK ****0736,TRASPASOS A OTROS BANCOS (SPEI),2.5,2.5,0,MXN,446874.01,NA,Cheques,NA,Egreso interbancario,SCOTIABANK,NA,25601070736,NA,***0736,Empresa A SC,NA,NA,NA,NA,NA,NA,NA,NA,NA,NA,NA,NA,NA,NA,NA,NA,NA,NA,NA,NA
8ebc901383e747a9050fb447bfc53957,Empresa B,14/08/23,0:00:00,BBVA,BBVA ****4725,CODI RECIBIDO  BANAMEX/0071272610  0022000648,0.01,0,0.01,MXN,0,NA,Cheques,NA,Ingreso,NA,BBVA,NA,34725,,NA,NA,NA,NA,NA,NA,NA,NA,NA,NA,NA,NA,NA,NA,NA,NA,NA,NA,NA,NA,NA
e73cd8a74cc95d5a6b61fd1c599514d1,Empresa B,14/08/23,0:00:00,BBVA,BBVA ****4725,CODI RECIBIDO  BANAMEX/0071272604  0024187992,0.01,0,0.01,MXN,0,NA,Cheques,NA,Ingreso,NA,BBVA,NA,34725,,NA,NA,NA,NA,NA,NA,NA,NA,NA,NA,NA,NA,NA,NA,NA,NA,NA,NA,NA,NA,NA
8c484d1649f27ddead7276e23aecb78f,Empresa A,14/08/23,0:00:00,INBURSA,INBURSA ****0900,NA,8726.99,8726.99,0,MXN,0,NA,Cheques,NA,Egreso,INBURSA,040036|INBURSA,3.61805E+16,NA,CodeINB,NA,NA,SUA IMSS CONCENTRADORA,NA,NA,NA,NA,NA,NA,NA,NA,NA,NA,NA,NA,NA,NA,NA,NA,NA,NA
2a5db7f4b11c5ca1f8a0f5e6aae9816f,Empresa A,14/08/23,0:00:00,INBURSA,INBURSA ****0900,mov entre cuentas,500000,0,500000,MXN,0,13,Cheques,2023081440044B36K0000050773467,Ingreso interbancario,040044|SCOTIABANK,INBURSA,4.41803E+16,3.61805E+16,CodeINB,Empresa A SC,EMA010101X01,NA,NA,14,8,2023,16:37:31,2023081440044B36K0000050773467,500000,0,mov entre cuentas,EMA010101X01,Empresa A SC,3.61805E+16,INBURSA,EMA010101X01,Empresa A SC,4.41803E+16,SCOTIABANK,NA
e0456643a92caa9817834b4d2217c722,Empresa B,14/08/23,0:00:00,BBVA,BBVA ****4725,CODI RECIBIDO  BANAMEX/0071272612  0027037227,0.01,0,0.01,MXN,0,NA,Cheques,NA,Ingreso,NA,BBVA,NA,34725,,NA,NA,NA,NA,NA,NA,NA,NA,NA,NA,NA,NA,NA,NA,NA,NA,NA,NA,NA,NA,NA
5f1212306d7b3920d7dd19159d82b75e,Empresa A,14/08/23,0:00:00,SCOTIABANK,SCOTIABANK ****0736,IVA - COMISIONES,0.4,0.4,0,MXN,446873.61,NA,Cheques,NA,Egreso,SCOTIABANK,NA,25601070736,NA,***0736,NA,NA,NA,NA,NA,NA,NA,NA,NA,NA,NA,NA,NA,NA,NA,NA,NA,NA,NA,NA,NA
364fed49284226f1fcd08dfb4ee80e37,Empresa B,14/08/23,0:00:00,BBVA,BBVA ****4725,CODI RECIBIDO  BANAMEX/0071272691  0022000648,0.01,0,0.01,MXN,0,NA,Cheques,NA,Ingreso,NA,BBVA,NA,34725,,NA,NA,NA,NA,NA,NA,NA,NA,NA,NA,NA,NA,NA,NA,NA,NA,NA,NA,NA,NA,NA
71fc6d377c822bf322c0a54f8d6ed498,Empresa A,11/08/23,0:00:00,INBURSA,INBURSA ****0900,prestamo,13556.9,13556.9,0,MXN,0,2023081,Cheques,036INBU11082023124941081,Egreso interbancario,INBURSA,040012|BBVA MEXICO,3.61805E+16,1.218E+16,CodeINB,NA,NA,Empresa X Yess,NA,11,8,2023,15:32:31,036INBU11082023124941081,13556.9,0,prestamo,EXY010101X01,Empresa X Yess,1.218E+16,BBVA BANCOMER,EMA010101X01,Empresa A SC,3.61805E+16,INBURSA,NA
b99c9e8316f7d9a1531aaf74fd5dc145,Empresa A,11/08/23,0:00:00,INBURSA,INBURSA ****0900,caja chi,3000,3000,0,MXN,0,2023081,Cheques,036INBU11082023124941080,Egreso interbancario,INBURSA,040012|BBVA MEXICO,3.61805E+16,1.218E+16,CodeINB,NA,NA,Empresa X Yess,NA,11,8,2023,15:24:24,036INBU11082023124941080,3000,0,caja chi,EXY010101X01,Empresa X Yess,1.218E+16,BBVA BANCOMER,EMA010101X01,Empresa A SC,3.61805E+16,INBURSA,NA
e47a8a5787aa9bff0aa6aef199afb388,Empresa B,10/08/23,0:00:00,BBVA,BBVA ****4725,CODI RECIBIDO  BANAMEX/0071259385  0027037227,0.01,0,0.01,MXN,0,NA,Cheques,NA,Ingreso,NA,BBVA,NA,34725,,NA,NA,NA,NA,NA,NA,NA,NA,NA,NA,NA,NA,NA,NA,NA,NA,NA,NA,NA,NA,NA
942920081a0a2a8da913987c54abe60f,Empresa B,10/08/23,0:00:00,BBVA,BBVA ****4725,CODI RECIBIDO  BANAMEX/0071259389  0022000648,0.01,0,0.01,MXN,0,NA,Cheques,NA,Ingreso,NA,BBVA,NA,34725,,NA,NA,NA,NA,NA,NA,NA,NA,NA,NA,NA,NA,NA,NA,NA,NA,NA,NA,NA,NA,NA
b8ef19bd79f948dc067c2da6910db3df,Empresa B,10/08/23,0:00:00,BBVA,BBVA ****4725,CODI RECIBIDO  BANAMEX/0071259363  0027037227,0.01,0,0.01,MXN,0,NA,Cheques,NA,Ingreso,NA,BBVA,NA,34725,,NA,NA,NA,NA,NA,NA,NA,NA,NA,NA,NA,NA,NA,NA,NA,NA,NA,NA,NA,NA,NA
10a86d56b290940000dafc0e0e0ddf97,Empresa B,10/08/23,0:00:00,BBVA,BBVA ****4725,CODI RECIBIDO  BANAMEX/0071259373  0022000648,0.01,0,0.01,MXN,0,NA,Cheques,NA,Ingreso,NA,BBVA,NA,34725,,NA,NA,NA,NA,NA,NA,NA,NA,NA,NA,NA,NA,NA,NA,NA,NA,NA,NA,NA,NA,NA
664a11955c06ea25e3aa5ae6e89a16a3,Empresa B,10/08/23,0:00:00,BBVA,BBVA ****4725,CODI RECIBIDO  BANAMEX/0071256691  0024187992,0.01,0,0.01,MXN,0,NA,Cheques,NA,Ingreso,NA,BBVA,NA,34725,,NA,NA,NA,NA,NA,NA,NA,NA,NA,NA,NA,NA,NA,NA,NA,NA,NA,NA,NA,NA,NA
7a9085d99ee745076766fcf8ca1bc4ff,Empresa B,10/08/23,0:00:00,BBVA,BBVA ****4725,CODI RECIBIDO  BANAMEX/0071259401  0024187992,0.01,0,0.01,MXN,0,NA,Cheques,NA,Ingreso,NA,BBVA,NA,34725,,NA,NA,NA,NA,NA,NA,NA,NA,NA,NA,NA,NA,NA,NA,NA,NA,NA,NA,NA,NA,NA
a116b7a3ffcf69dd68b81ee33eeb8e86,Empresa B,10/08/23,0:00:00,BBVA,BBVA ****4725,CODI RECIBIDO  BANAMEX/0071256683  0027037227,0.01,0,0.01,MXN,0,NA,Cheques,NA,Ingreso,NA,BBVA,NA,34725,,NA,NA,NA,NA,NA,NA,NA,NA,NA,NA,NA,NA,NA,NA,NA,NA,NA,NA,NA,NA,NA
f13be525627e657ac255a2c537e3865e,Empresa B,10/08/23,0:00:00,BBVA,BBVA ****4725,CODI RECIBIDO  BANAMEX/0071256742  0022000648,0.01,0,0.01,MXN,0,NA,Cheques,NA,Ingreso,NA,BBVA,NA,34725,,NA,NA,NA,NA,NA,NA,NA,NA,NA,NA,NA,NA,NA,NA,NA,NA,NA,NA,NA,NA,NA
2b44cf12250f2dadf4ac851a2b1817c2,Empresa B,10/08/23,0:00:00,BBVA,BBVA ****4725,CODI RECIBIDO  BANAMEX/0071256711  0027037227,0.01,0,0.01,MXN,0,NA,Cheques,NA,Ingreso,NA,BBVA,NA,34725,,NA,NA,NA,NA,NA,NA,NA,NA,NA,NA,NA,NA,NA,NA,NA,NA,NA,NA,NA,NA,NA
b3efd501541c8174a4b75c0d933cb6c1,Empresa B,10/08/23,0:00:00,BBVA,BBVA ****4725,CODI RECIBIDO  BANAMEX/0071259411  0024187992,0.01,0,0.01,MXN,0,NA,Cheques,NA,Ingreso,NA,BBVA,NA,34725,,NA,NA,NA,NA,NA,NA,NA,NA,NA,NA,NA,NA,NA,NA,NA,NA,NA,NA,NA,NA,NA
b05413c4dbabc5c307726bc1bdea41d5,Empresa B,09/08/23,0:00:00,BBVA,BBVA ****4725,CODI RECIBIDO  BANAMEX/0071254968  0022000648,0.01,0,0.01,MXN,0,NA,Cheques,NA,Ingreso,NA,BBVA,NA,34725,,NA,NA,NA,NA,NA,NA,NA,NA,NA,NA,NA,NA,NA,NA,NA,NA,NA,NA,NA,NA,NA
dbc864afb94126063bd7d866c146379c,Empresa B,09/08/23,0:00:00,BBVA,BBVA ****4725,CODI RECIBIDO  BANAMEX/0071254962  0024187992,0.01,0,0.01,MXN,0,NA,Cheques,NA,Ingreso,NA,BBVA,NA,34725,,NA,NA,NA,NA,NA,NA,NA,NA,NA,NA,NA,NA,NA,NA,NA,NA,NA,NA,NA,NA,NA
005607dbafef184b8d6cc32cf65f4caf,Empresa A,09/08/23,0:00:00,SCOTIABANK,SCOTIABANK ****0736,POR TRANSFERENCIA DE FONDOS,278400,0,278400,MXN,946876.51,NA,Cheques,NA,Ingreso,NA,SCOTIABANK,NA,25601070736,***0736,NA,NA,NA,NA,NA,NA,NA,NA,NA,NA,NA,NA,NA,NA,NA,NA,NA,NA,NA,NA,NA
fcbd454abfb7580db900fb0dc59af4e3,Empresa B,09/08/23,0:00:00,BBVA,BBVA ****4725,CODI RECIBIDO  BANAMEX/0071254970  0027037227,0.01,0,0.01,MXN,0,NA,Cheques,NA,Ingreso,NA,BBVA,NA,34725,,NA,NA,NA,NA,NA,NA,NA,NA,NA,NA,NA,NA,NA,NA,NA,NA,NA,NA,NA,NA,NA
871277bb747e13beadc21bee5baabab9,Empresa A,09/08/23,0:00:00,INBURSA,INBURSA ****0900,COMPASS CODE F 402,188288.72,0,188288.72,MXN,0,6326473,Cheques,20230809400140BET0000463264730,Ingreso interbancario,040014|SANTANDER,INBURSA,1.41807E+16,3.61805E+16,CodeINB,Empresa X Comp,EXC010101X01,NA,NA,9,8,2023,11:31:46,20230809400140BET0000463264730,188288.72,0,COMP F 402,EMA010101X01,Empresa A SC,3.61805E+16,INBURSA,EXC010101X01,Empresa X Comp,1.41807E+16,SANTANDER,NA
797fe37470bbce0c91c68df52407212b,Empresa B,08/08/23,0:00:00,BBVA,BBVA ****4725,CODI RECIBIDO  BANAMEX/0071251731  0027037227,0.01,0,0.01,MXN,0,NA,Cheques,NA,Ingreso,NA,BBVA,NA,34725,,NA,NA,NA,NA,NA,NA,NA,NA,NA,NA,NA,NA,NA,NA,NA,NA,NA,NA,NA,NA,NA
88efbd2952026af66d05db1b80f0d4ed,Empresa B,08/08/23,0:00:00,BBVA,BBVA ****4725,CODI RECIBIDO  BANAMEX/0071251808  0022000648,0.01,0,0.01,MXN,0,NA,Cheques,NA,Ingreso,NA,BBVA,NA,34725,,NA,NA,NA,NA,NA,NA,NA,NA,NA,NA,NA,NA,NA,NA,NA,NA,NA,NA,NA,NA,NA
d47e76765cffe9e7d0ad966b79ba7d2a,Empresa B,08/08/23,0:00:00,BBVA,BBVA ****4725,CODI RECIBIDO  BANAMEX/0071251806  0027037227,0.01,0,0.01,MXN,0,NA,Cheques,NA,Ingreso,NA,BBVA,NA,34725,,NA,NA,NA,NA,NA,NA,NA,NA,NA,NA,NA,NA,NA,NA,NA,NA,NA,NA,NA,NA,NA
fd486dfb558146b36f33944f48056773,Empresa A,08/08/23,0:00:00,SCOTIABANK,SCOTIABANK ****0736,POR TRANSFERENCIA DE FONDOS,278400,0,278400,MXN,668476.51,NA,Cheques,NA,Ingreso,NA,SCOTIABANK,NA,25601070736,***0736,NA,NA,NA,NA,NA,NA,NA,NA,NA,NA,NA,NA,NA,NA,NA,NA,NA,NA,NA,NA,NA
0d9187d65abb0a55fef9976f9be78812,Empresa B,08/08/23,0:00:00,BBVA,BBVA ****4725,CODI RECIBIDO  BANAMEX/0071251748  0022000648,0.01,0,0.01,MXN,0,NA,Cheques,NA,Ingreso,NA,BBVA,NA,34725,,NA,NA,NA,NA,NA,NA,NA,NA,NA,NA,NA,NA,NA,NA,NA,NA,NA,NA,NA,NA,NA
7ba8c7435ceacb951f311c9ba886db5d,Empresa B,08/08/23,0:00:00,BBVA,BBVA ****4725,CODI RECIBIDO  BANAMEX/0071251737  0024187992,0.01,0,0.01,MXN,0,NA,Cheques,NA,Ingreso,NA,BBVA,NA,34725,,NA,NA,NA,NA,NA,NA,NA,NA,NA,NA,NA,NA,NA,NA,NA,NA,NA,NA,NA,NA,NA
0f8d66d18da64bdf40f2301750cdc779,Empresa A,07/08/23,0:00:00,INBURSA,INBURSA ****0900,pago trj,25000,25000,0,MXN,0,2023080,Cheques,036INBU07082023124498594,Egreso interbancario,INBURSA,090646|STP,3.61805E+16,6.4642E+17,CodeINB,NA,NA,Empresa A SC,NA,7,8,2023,11:12:38,036INBU07082023124498594,25000,0,pago trj,RAD010101X01,RED AMIGO DAL SAPI DE CV,6.4642E+17,STP,EMA010101X01,Empresa A SC,3.61805E+16,INBURSA,NA
60cc77eef8721d3b955a6e6adf55d290,Empresa A,04/08/23,0:00:00,SCOTIABANK,SCOTIABANK ****0736,POR TRANSFERENCIA DE FONDOS,278400,0,278400,MXN,390076.51,NA,Cheques,NA,Ingreso,NA,SCOTIABANK,NA,25601070736,***0736,NA,NA,NA,NA,NA,NA,NA,NA,NA,NA,NA,NA,NA,NA,NA,NA,NA,NA,NA,NA,NA
15866407cacdc15b658c88e1d0776687,Empresa B,03/08/23,19:18:05,SANTANDER,SANTANDER ****3921,CoDi Prod,0.01,0,0.01,MXN,19588.33,5560620,Cheques,8.59004E+16,Ingreso interbancario,BANAMEX,SANTANDER,2.1807E+15,1.41807E+16,,GUSTAVO G/R,GOR010101X01,Empresa b,EMB010101X01,3,8,2023,19:18:05,8.59004E+16,0.01,0,CoDi Prod,ND,Empresa b,1.41807E+16,SANTANDER,GOR010101X01,GUSTAVO G/R,2.1807E+15,BANAMEX,NA
5c1c463b92a54e182cf87e5756aa05ca,Empresa B,03/08/23,19:10:03,SANTANDER,SANTANDER ****3921,CoDi Prod,0.01,0,0.01,MXN,19588.32,5546479,Cheques,8.59004E+16,Ingreso interbancario,BANAMEX,SANTANDER,2.1807E+15,1.41807E+16,,GUSTAVO G/R,GOR010101X01,Empresa b,EMB010101X01,3,8,2023,19:10:02,8.59004E+16,0.01,0,CoDi Prod,ND,Empresa b,1.41807E+16,SANTANDER,GOR010101X01,GUSTAVO G/R,2.1807E+15,BANAMEX,NA
b44bdcc4ea1022a3578df1dee5de69ea,Empresa B,03/08/23,19:04:43,SANTANDER,SANTANDER ****3921,CoDi Prod,0.01,0,0.01,MXN,19588.31,5537143,Cheques,8.59003E+16,Ingreso interbancario,BANAMEX,SANTANDER,2.1807E+15,1.41807E+16,,GUSTAVO G/R,GOR010101X01,Empresa b,EMB010101X01,3,8,2023,19:04:43,8.59003E+16,0.01,0,CoDi Prod,ND,Empresa b,1.41807E+16,SANTANDER,GOR010101X01,GUSTAVO G/R,2.1807E+15,BANAMEX,NA
bf841856fa05e96cb2aa3ed10e618fe3,Empresa B,02/08/23,0:00:00,BANREGIO,BANREGIO ****0018, ENVIADA DESDE REVOLUT              TRANS,1044,0,1044,MXN,0,1430116,Cheques,5.29012E+19,Ingreso interbancario, BANAMEX,BANREGIO,28206037,5.818E+16,***0018, 350FD8B35A134E9FB946BE3B9D97C62FDIE,NA,Empresa B,NA,NA,NA,NA,NA,NA,NA,NA,NA,NA,NA,NA,NA,NA,NA,NA,NA,NA
f1852274f59a699a7f8bd8323e9dc98d,Empresa Operativa C,01/08/23,15:15:31,STP,STP ****0000,serv,236203,236203,0,MXN,0,1235,Cheques,1235,Egreso interbancario,STP,INBURSA,6.4618E+17,3.61805E+16,,Empresa C,EME010101X01,Empresa A S.C.,NA,1,8,2023,15:15:34,1235,236203,0,serv,EMA010101X01,Empresa A SC,3.61805E+16,INBURSA,EME010101X01,Empresa C,6.4618E+17,STP,NA
a33d95b13146ea82e4584166f24919fd,Empresa A,01/08/23,0:00:00,INBURSA,INBURSA ****0900,DF240515604,2201.1,2201.1,0,MXN,0,2023080,Cheques,036INBU01082023124025920,Egreso interbancario,INBURSA,040014|SANTANDER,3.61805E+16,1.45807E+16,CodeINB,NA,NA,Empresa X Iza,NA,1,8,2023,16:32:30,036INBU01082023124025920,2201.1,0,DF240515604,EMZ010101X02,Empresa X Iza,1.45807E+16,SANTANDER,EMA010101X01,Empresa A SC,3.61805E+16,INBURSA,NA
7ec7b3ff473e3c4e20989f6da165a412,Empresa A,01/08/23,0:00:00,INBURSA,INBURSA ****0900,prest,4500,4500,0,MXN,0,2023080,Cheques,036INBU01082023124025916,Egreso interbancario,INBURSA,040012|BBVA MEXICO,3.61805E+16,1.218E+16,CodeINB,NA,NA,Empresa X Dici,NA,1,8,2023,16:32:30,036INBU01082023124025916,4500,0,prest,EMD010101X01,Empresa X Dici,1.218E+16,BBVA BANCOMER,EMA010101X01,Empresa A SC,3.61805E+16,INBURSA,NA
a8da64fc8433c0bfbed37cf053053d92,Empresa A,01/08/23,0:00:00,INBURSA,INBURSA ****0900,serv,236203,0,236203,MXN,0,1235,Cheques,1235,Ingreso interbancario,090646|STP,INBURSA,6.4618E+17,3.61805E+16,CodeINB,Empresa C,EME010101X01,NA,NA,1,8,2023,15:15:34,1235,236203,0,serv,EMA010101X01,Empresa A SC,3.61805E+16,INBURSA,EME010101X01,Empresa C,6.4618E+17,STP,NA
26bc942e31b7384c24b88391abcd6e4b,Empresa A,01/08/23,0:00:00,INBURSA,INBURSA ****0900,01082023org,91176,91176,0,MXN,0,2023080,Cheques,036INBU01082023124024176,Egreso interbancario,INBURSA,040012|BBVA MEXICO,3.61805E+16,1.218E+16,CodeINB,NA,NA,Empresa X TU Espacio,NA,1,8,2023,16:28:31,036INBU01082023124024176,91176,0,01082023org,EXTE010101X01,Empresa X TU Espacio,1.218E+16,BBVA BANCOMER,EMA010101X01,Empresa A SC,3.61805E+16,INBURSA,NA
77d61efab355a3efb51a998501772a89,Empresa A,01/08/23,0:00:00,INBURSA,INBURSA ****0900,mens,25000,25000,0,MXN,0,6112531,Cheques,036INBU01082023123917317,Egreso interbancario,INBURSA,040012|BBVA MEXICO,3.61805E+16,1.218E+16,CodeINB,NA,NA,Empresa X TT,NA,1,8,2023,6:08:31,036INBU01082023123917317,25000,0,mens,EXT010101X01,Empresa X TT,1.218E+16,BBVA BANCOMER,EMA010101X01,Empresa A SC,3.61805E+16,INBURSA,NA
8ddd9659da5aa37eab4c797352627ae6,Empresa A,01/08/23,0:00:00,INBURSA,INBURSA ****0900,pago trj,54329.23,54329.23,0,MXN,0,2023080,Cheques,036INBU01082023124024678,Egreso interbancario,INBURSA,090646|STP,3.61805E+16,6.4642E+17,CodeINB,NA,NA,Empresa A SC,NA,NA,NA,NA,NA,NA,NA,NA,NA,NA,NA,NA,NA,NA,NA,NA,NA,NA
b01b30daf128df4a413fe807ff093933,Empresa A,01/08/23,0:00:00,INBURSA,INBURSA ****0900,prest,15000,15000,0,MXN,0,2023080,Cheques,036INBU01082023124025917,Egreso interbancario,INBURSA,040030|BAJIO,3.61805E+16,3.01809E+16,CodeINB,NA,NA,Fidel J,NA,NA,NA,NA,NA,NA,NA,NA,NA,NA,NA,NA,NA,NA,NA,NA,NA,NA
98c7ea1618a0781b2207f3101036c9c1,Empresa A,01/08/23,0:00:00,INBURSA,INBURSA ****0900,cont,11241.4,11241.4,0,MXN,0,2023080,Cheques,036INBU01082023124025918,Egreso interbancario,INBURSA,040021|HSBC,3.61805E+16,2.118E+16,CodeINB,NA,NA,Empresa X HAA,NA,1,8,2023,16:44:48,036INBU01082023124025918,11241.4,0,cont,EXH010101X01,Empresa X HAA,2.118E+16,HSBC,EMA010101X01,Empresa A SC,3.61805E+16,INBURSA,NA
7b8c68914934ff32624ad62fa926cbe0,Empresa A,01/08/23,0:00:00,INBURSA,INBURSA ****0900,cube,47641.64,47641.64,0,MXN,0,6112531,Cheques,036INBU01082023123917318,Egreso interbancario,INBURSA,040012|BBVA MEXICO,3.61805E+16,1.218E+16,CodeINB,NA,NA,Empresa X U GLOBAL,NA,1,8,2023,6:08:31,036INBU01082023123917318,47641.64,0,cube,EXG010101X01,Empresa X U GLOBAL,1.218E+16,BBVA BANCOMER,EMA010101X01,Empresa A SC,3.61805E+16,INBURSA,NA